"Row","Field","Value","Issue"
"株式会社URリンケージ(月額払い)","Account__c","株式会社URリンケージ","Account name not found; left blank"
"株式会社URリンケージ(年額払い)","Account__c","株式会社URリンケージ","Account name not found; left blank"
"佐伯綜合建設(大塚商会)","Account__c","佐伯綜合建設","Account name not found; left blank"
"ショウワ グループ株式会社","Account__c","ショウワ グループ株式会社","Account name not found; left blank"
"株式会社四ツ橋","Account__c","株式会社四ツ橋","Account name not found; left blank"
"有限会社タイセイプラン","Account__c","有限会社タイセイプラン","Account name not found; left blank"
"リアルティホールディングス株式会社","Account__c","リアルティホールディングス株式会社","Account name not found; left blank"
"株式会社シアーズホーム(旧：株式会社サンタ不動産）","Account__c","株式会社シアーズホーム","Account name not found; left blank"
"株式会社Housebank千葉","Account__c","株式会社Housebank千葉","Account name not found; left blank"
"株式会社Housebank千葉","Account__c","株式会社Housebank千葉","Account name not found; left blank"
"株式会社博進コスモプラザ","Account__c","株式会社博進コスモプラザ","Account name not found; left blank"
"富士ハウジング神戸支店","Account__c","富士ハウジング神戸支店","Account name not found; left blank"
"リユースせいわ 西和不動産株式会社 栗東店","Account__c","リユースせいわ 西和不動産株式会社 栗東店","Account name not found; left blank"
"株式会社サンホームズ","Account__c","株式会社サンホームズ","Account name not found; left blank"
"株式会社Machidaホールディングス","Account__c","株式会社Machidaホールディングス","Account name not found; left blank"
"株式会社ハートランド","Account__c","株式会社ハートランド","Account name not found; left blank"
"ONETEAM不動産","Account__c","ONETEAM不動産","Account name not found; left blank"
"松栄不動産株式会社","Account__c","松栄不動産株式会社","Account name not found; left blank"
"株式会社TAKUTO","Account__c","株式会社TAKUTO","Account name not found; left blank"
"株式会社 秀建","Account__c","株式会社 秀建","Account name not found; left blank"
"株式会社アークフロンティア　テラスエステート","Account__c","株式会社アークフロンティア テラスエステート","Account name not found; left blank"
"株式会社建新","Account__c","株式会社建新","Account name not found; left blank"
