Name,IndustryType__c
Heart-s.co,
さくらホームグループ株式会社,
株式会社フジタ,
ハウジング・ジャパン株式会社,
中尾建設工業株式会社(ナカオホーム),
株式会社リロケーション・ジャパン,賃貸住宅管理・仲介会社
チルホーム株式会社,
髙松テクノサービス株式会社,
有限会社汗青社,
野村不動産株式会社,
BIPROGY株式会社,
ANAスカイビルサービス株式会社,
47内装株式会社,
FUJITA CORPORATION,
Fesheries Engineering,
CWBAKU inc.,
BWコンサルティング株式会社,
Kraft Architects,
"Jamo associates Co.,Ltd.",
DesignStudio12,
GIFT,
KaCH,
MACオフィス,
ORSO,
MBM,
Rocaデザイン事務所,
RRRLab株式会社,
QGRAPHDESIGN・GUAW,
NEW SKOOL,
RISE-BUILD株式会社,
SHOWA GROUP 株式会社,
SIOALITTLE.design,
SK-HOME,
Skyland Ventures,
SPACEHEAD株式会社,
"Stucco co.,Ltd",
SNデザイン,
UDA建築設計,
Tinkpersecond株式会社,
cips,
YS Real Estate Leasing株式会社,
kanae.建築空間設計事務所,
eSmy-home株式会社,
VADO Design Office株式会社,
株式会社前田工務店,
sawan株式会社,
takarabune,
株式会社鷲澤建設,
アイデジタルツイン,
さくら工房株式会社,
わさび設計。,
アイビー設計,
アイラボ一級建築士事務所,
イトウ建築計画,
インフィニティ株式会社,
アトリエキット,
株式会社イトーキ,
アグレ都市デザイン株式会社,
ウツミ工務店,
オリエンタルコンサルタンツグローバル,
エルアングル,
クレア工業株式会社住宅事業部,
カズプランニング,
グッドルーム株式会社,
カルチュア・コンビニエンス・クラブ,
株式会社オンデザインパートナーズ,
コイズミファニテック株,
コクヨ 株式会社,
コクーン設計舎,
ダイヤオフィスシステム株式会社,
サロウィン株式会社,
デザイナーズスタジオ株式会社,
スペースラボ,
トパス株式会社,
ノムラメディアス,
トヨタホーム株式会社,
ヒョンジ,
ハウフルス,
フリーダム株式会社,
プラス株式会社,
プロパゲート近江株式会社,
プリズム,
ホームステージング TOKIO,
プラス株式会社ファニチャーカンパニー,
マイナス思考の建築,
マナトレーディング株式会社,
ユニオンテック株式会社,
リーズ不動産株式会社,
ルネサンス,
リフォームワン株式会社,
レディアホーム株式会社,
不動産の岩原,
不動産SHOPナカジツ,
株式会社乃村工藝社,
中央工学校,
中山設計,
中尾建設工業株式会社,
五洋建設株式会社,
創和防音,
中央工機株式会社,
伊藤喜商事株式会社,
創造系不動産,
博樹,
加和太建設,
原宿不動産,
合同会社カンガルーアセットマネジメント,
合同会社曉,
合同会社あんず,
合同会社 innovate works,
吉野設計,
国際航業株式会社,
吉村紳 一級建築士事務所,
地盤ネット株式会社,
大塚高史建築設計事務所,
壷山Design,
大和住研株式会社,
大岡産業株式会社,
株式会社安井建築設計事務所,
小原建設株式会社,
小倉建設株式会社,
小林工業株式会社,
建築計画工房,
小川工業株式会社,
新潟県庁,
建築設計アトリエハイジ,
日建フレメックス株式会社,
学校法人日本大学,
日本ホーミング株式会社,
旭化成リフォーム株式会社,
日鉄エンジニアリング株式会社,
有限会社Vapor Trail,
有限会社イッセイホーム,
有限会社エム・プロダクツ,
有限会社スズタカ,
有限会社トータル・プランニング・シ-,
有限会社ランドスケーププロダクツ,
有限会社市場印刷,
東京ハートス,
有限会社泉建装,
有限会社船田アーキテクツ,
東急不動産株式会社,
株式会社ALA,
柳沢デザイン,
株式会社BIGLONG,
株式会社AN-Design&WRiting,
株式会社Blume Cosmetics,
株式会社BLISS,
株式会社BRIGHT LIFE,
株式会社GOOD PLACE,
株式会社HOTCIA,
株式会社GAF CREATE,
株式会社Plan・Do・See,
株式会社Rstock,
株式会社KT,
株式会社ReBeaut,
株式会社Sogu,
株式会社Sponge,
株式会社mast一級建築士事務所,
株式会社daishizen,
株式会社TRIAD,
株式会社bound-design,
株式会社Tomovations,
株式会社yamada,
株式会社あいず,
株式会社wool design room,
株式会社うんの,
株式会社まつもとコーポレーション,
株式会社ようび,
株式会社アッカ,
株式会社うみそらみどりとまち,
株式会社アーキテクト・ディベロッパー,不動産売買・仲介会社
株式会社 イシカワ,
株式会社アートフリーク,
株式会社オフィスオフサイド,
株式会社エース事務機,
株式会社オーディン,
株式会社 エー・アール・ジー,
株式会社オーパス,
株式会社オープンハウス・ディベロップメント,不動産売買・仲介会社
株式会社オープン・エー,
株式会社クラフト,
株式会社サンライフホームサービス,
株式会社オーヴァル,
株式会社サンゲツ,商社・問屋
株式会社クレアール,
株式会社シアーズホームバース,
株式会社タイムレス,
株式会社ジョンソンホームズ,
株式会社シロ建,
株式会社スパーク,
株式会社スカイフィールドコーポレーション,
株式会社タカショー,
株式会社デザインアーク,
株式会社ドンホールディングス,
株式会社ノムラアークス,
株式会社ネオプラ,
株式会社ナラムラ,
株式会社ナック,
株式会社ハラショー,
株式会社ヒカリ,
株式会社バンブーフィールド,
株式会社ハク,
株式会社フジヤ,
株式会社フォルム建築計画研究所,
株式会社ブリッジ,
株式会社ベイカレントコンサルティング,
株式会社ポリライン,
株式会社マスターズ,
株式会社ユタカワン,
株式会社ライフアドバンス,
株式会社リアルエステートブラザーズ,
株式会社リノシスコーポレーション一級建築士事務所,
株式会社リノベース,
株式会社ワールドエリアネットワークス,
株式会社 久保建築設計,
株式会社住ま居る,
株式会社久家設計事務所,
株式会社ワコール,
株式会社亀太,
株式会社凡美社,
株式会社創実エージェンシー,
株式会社創宣クリエイティブ,
株式会社双葉デザイン,
株式会社 変わり紋,
株式会社和光リフォームサービス,
株式会社大伸社ディライト,
株式会社市浦ハウジング&プランニング,
株式会社 建研 大阪支店,
株式会社大樹,
株式会社杉本組,
株式会社 愛和,
株式会社新昭和リビンズ,賃貸住宅管理・仲介会社
株式会社日本創建,
株式会社日建設計,
株式会社 横尾材木店,
株式会社濱田建築事務所,
株式会社横松建築設計事務所,
株式会社礎,
株式会社 美都住販,
株式会社経営企画室,
株式会社片桐建設,
株式会社西尾建築設計,
株式会社野崎製作所,
株式会社誠一建設,
株式会社 錢高組,
株式会社長谷工コーポレーション,ゼネコン・サブコン
株式会社風景屋,
株式会社門倉組,
株式会社 鈴木建築設計事務所,
株式会社電通ライブ,
株式会社高橋レジデンス,
株式会社香瑛住研,
森ビル株式会社,
株式会社JUST DO IT,
株式会社鴻池組,
株式会社S・PRIT,
楽天ステイ株式会社,
池田俊彦建築設計事務所,
永田不動産株式会社,
稲垣建築事務所,
河合建築工房,
石井建築事務所,
福井コンピュータアーキテクト株式会社,
環建築工房,
西川建築設計,
鈴与建設株式会社,
鈴木建築設計室,
関西大学,
間建築計画,
高松商工会議所,
KAWASAKI建築設計,
高松テクノサービス株式会社,
H・K+一級建築士事務所,
BRAVAL,
HILLS,
LYTech株式会社,
JNIプロパティーズ株式会社,
くらがの不動産・株式会社クレセール,
Life Design Works,
SaikyoHome株式会社,
ぶどう不動産,
わくわく不動産株式会社,
アムス・インターナショナル株式会社,
アートホーム設計工務,
アーキ不動産株式会社,
エムイーPLUS埼京株式会社,
エークリエイト株式会社,
グラングッド不動産株式会社,
コムホーム株式会社,
セイズ株式会社,
テラスエステート,
スマイル不動産福岡,
タクエーホーム株式会社,
タン・コンサルティング株式会社,
ドアーズ株式会社,
ハンズホーム株式会社,
株式会社ドリームホーム,
パシフィック不動産株式会社,
バウハウスデザイン,
プロニーズ,
ブーストマーケティング株式会社,
ビッグビレッジ合同会社,
マァズエイム株式会社,
ミライノカタチ,
ミライアス株式会社,
メルシー株式会社,
ライフトラスト津田沼,
ライフサービスグループ株式会社,
ムタはうす株式会社,
ヨコハマ地所株式会社,
リクロス株式会社,
ライフベイシス株式会社,
合同会社CelesteBlue,
冨士イズム株式会社,
千葉リアルティー株式会社,
国立不動産有限会社,
大化地所株式会社,
安心計画株式会社,
新日本住建販売株式会社,
日動建設株式会社,
有限会社シェルージュ,
有限会社山陽不動産,
有限会社ホームライフサポート,
有限会社立石設計,
東宝ハウス船橋,
東京大家塾合同会社,
株式会社GA technologies,
株式会社Eastone,
株式会社KAKUSHIN,
株式会社K.clan,
株式会社NORTHCOMPANY,
株式会社MKエステート,
株式会社MyHomeDo,
株式会社PLEAST,
株式会社Relic,
株式会社SEEC,
株式会社SUMiTAS,
株式会社Shake,
株式会社aina,
株式会社Sunsハウジング,
株式会社i-Plain,
株式会社セカンドエム,
株式会社プライムハウス,
株式会社すまらいふ,
株式会社おうち広場,
株式会社いえらぶGROUP,
株式会社樹・夢工房,
株式会社くみん不動産,
株式会社みんなの家,
株式会社たきのぼり不動産,
株式会社イーカム,
株式会社アイクリック,
株式会社アヤメ企画,
株式会社エフプラン,
株式会社アイビス,
株式会社イーグランド,
株式会社エージェント,
株式会社イー・ステート・オンライン,
株式会社エフズコーポレーション,
株式会社クレセール,
株式会社クリアジャパン,
株式会社クラウドマーケット,
株式会社サンタ不動産,
株式会社グランディール,
株式会社コウナン・レクセル,
株式会社サンプラン,
株式会社サンデイホームズ,
株式会社シップス,
株式会社スタイルポート,
株式会社スペース,
株式会社ティーエスプロパティ,
株式会社トップインターナショナル,
株式会社ノーブルホーム丸和住宅事業部,
株式会社トライフォート,
株式会社ドミール,
株式会社ハウスプラザ,
株式会社ハローホーム,
株式会社ハウスマーケット,
株式会社ブランカ(インテリア不動産),
株式会社ヒノキヤグループ,
株式会社ブリスライフ,
株式会社フジケンハウジング,
株式会社プラットホーム,
株式会社ベイシス,
株式会社プレジオ,
株式会社ヤマユウ,
株式会社マルヨシ,
株式会社マークス,
株式会社ホスピタリティトラスト,
株式会社ライフスタイルイノベーション,
株式会社世田谷リアルエステート,
株式会社ライフスタイルカンパニー,
株式会社ライフラインサービス,
株式会社九電不動産,
株式会社リノクレスト,
株式会社北海道住宅通信社,
株式会社博進,
株式会社吉田システム,
株式会社大木工務店,
株式会社向上計画総合研究所,
株式会社明和不動産,
株式会社渚工務店,
株式会社穂積住宅,
株式会社船井総合研究所,
株式会社西武開発,
株式会社鳴門広告社,
株式会社香川不動産買取センター,
熊本地所株式会社,
近鉄不動産株式会社,ゼネコン・サブコン
河井林産株式会社,
西和不動産株式会社,
Dominating Keywords,
Vermilionwrld,
ナカオホーム,
Hermi,
Nani Dondakayala,
Munna Hussain,
株式会社エス・ジェイ,
河井林産株式会社岡山支店,
Amerigo Films,
タクエーホーム株式会社本店,
株式会社吉野建築設計事務所,
西日本旅客鉄道株式会社 金沢支社 金沢建築区,
琉球大学,
Yma,
kakubun,
個人事業主,
DesignArc,
ark.art,
コイズミファニテック株式会社,
会社員,
芝浦工業大学,
jenwu.co,
東京工業大学,
東京科学大学,
free,
soshi,
發的,
クレア工業株式会社,
前田建設株式会社,
サムティアセットマネジメント株式会社,ゼネコン・サブコン
株式会社現代建築研究所,
株式会社三福管理センター,
株式会社ケイミックス,
VILLAX株式会社,
みずほ銀行,その他
株式会社パワーコンサルティングネットワークス,賃貸住宅管理・仲介会社
美和ロック株式会社,設備・建材メーカー
サーパス茅ヶ崎駅前,マンション管理組合
千葉テレビ放送株式会社,その他
パナソニック株式会社,情報通信・SI
合同会社西関土地,不動産売買・仲介会社
株式会社リクモ,
株式会社TOKIUM,
オープンレジデンシア小石川,マンション管理組合
COSOJI株式会社,その他
スターツアメニティー株式会社,賃貸住宅管理・仲介会社
TOPPAN株式会社,ハウスメーカー
株式会社クラッチワークス,その他
三井住友海上火災保険 株式会社,その他
株式会社アイドマ・ホールディングス,その他
株式会社ファイン,情報通信・SI
株式会社東急コミュニティー,ビルメンテナンス
株式会社サン・ブレーン,製造
サムティプロパティマネジメント株式会社,マンション管理会社
株式会社HYS,賃貸住宅管理・仲介会社
株式会社東京トラスト,賃貸住宅管理・仲介会社
株式会社仕上舎,工事会社
パナソニック株式会社 エレクトリックワークス社,設備・建材メーカー
株式会社太平エンジニアリング,ゼネコン・サブコン
株式会社LIXIL,設備・建材メーカー
TRCプロダクツ,その他
ロイヤルハウス株式会社,ハウスメーカー
株式会社いえらぶコミュニケーションズ,インフラ・エネルギー関連企業
株式会社ファーストプロ/菊名KSマンション,マンション管理組合
大英産業株式会社,
アジア技術交流協同組合,
株式会社CDエナジーダイレクト,インフラ・エネルギー関連企業
株式会社ザイマックス,マネジメント（AM、PM、FM、BM）
株式会社をアシスポートCADセンター,その他
株式会社CISレジデンス,賃貸住宅管理・仲介会社
マンション維持管理推進機構,その他
株式会社ライフポート西洋,マンション管理会社
ナインアウト株式会社,
三井不動産レジデンシャルリース株式会社,マンション管理会社
株式会社Fujitaka,製造
パーソル,情報通信・SI
株式会社Wings,その他
野原グループ株式会社,リフォーム会社
株式会社ストーンズ,賃貸住宅管理・仲介会社
東建コーポレーション株式会社,賃貸住宅管理・仲介会社
株式会社LIXILリアルティ,賃貸住宅管理・仲介会社
株式会社JR東日本商事,商社・問屋
新電元工業株式会社,製造
有限会社 パークホームズハウジング,マンションデベロッパー
東京大学,その他
株式会社ビーロット,賃貸住宅管理・仲介会社
株式会社プライムクロス,情報通信・SI
ハイロジック,商社・問屋
大成建設株式会社,ゼネコン・サブコン
静鉄プロパティマネジメント株式会社,マンション管理会社
株式会社一条工務店,ハウスメーカー
東リ株式会社,設備・建材メーカー
パナソニックホームズ不動産株式会社,賃貸住宅管理・仲介会社
株式会社レーベントラスト,賃貸住宅管理・仲介会社
株式会社中目黒ジーティー,マンション管理組合
SMK株式会社,製造
アットホーム株式会社,
株式会社エヌ・シー・エヌ,
株式会社ダイヤ財創,マンション・ビル・不動産オーナー
株式会社インテリックスプロパティ,マネジメント（AM、PM、FM、BM）
メットライフ生命保険株式会社,その他
リフォームショップ株式会社,リフォーム会社
五頭産業株式会社,工事会社
日建ベクトル株式会社,工事会社
日本アクセス株式会社,情報通信・SI
なし,その他
公益財団法人江東区文化コミュニティ財団,官公庁・団体
無職,その他
MHIエアロテクノロジーズ株式会社,その他
一般社団法人プロパンガス料金消費者協会,インフラ・エネルギー関連企業
株式会社DYM,その他
ミサホーム株式会社,ハウスメーカー
大和ライフネクスト株式会社,マンション管理会社
合同会社美冠堂,マンション・ビル・不動産オーナー
株式会社サンケイビルマネジメント,マンション管理会社
ダイアパレスグランデージ大倉山,マンション管理組合
日本メディカルファンド株式会社,マンション・ビル・不動産オーナー
株式会社フロンティアハウス,賃貸住宅管理・仲介会社
ベルエステート株式会社,賃貸住宅管理・仲介会社
パナソニック ハウジングソリューションズ 株式会社,その他
株式会社イングス,製造
実践経営ネットワーク株式会社,その他
株式会社フラワーサウンド,不動産売買・仲介会社
ウルクル株式会社,賃貸住宅管理・仲介会社
柏 木工 株式会社,設備・建材メーカー
株式会社クリーク,マネジメント（AM、PM、FM、BM）
喜田建材,商社・問屋
株式会社ESTATE SYSTEM,賃貸住宅管理・仲介会社
株式会社ゼンリン東海,情報通信・SI
株式会社 エパック,マンション・ビル・不動産オーナー
株式会社宅建ファミリー共済,その他
ホームエクスプレス構造設計株式会社,建築設計事務所
株式会社CRI・ミドルウェア,その他
株式会社菊池襖紙工場,製造
アサヒグローバルホーム株式会社,賃貸住宅管理・仲介会社
東京海上日動火災保険株式会社,その他
株式会社エコノ・テレステーション,その他
株式会社メイアイクリエイト,その他
大日本印刷株式会社,その他
埼玉県住宅供給公社,官公庁・団体
株式会社SOARビジネスパートナー,マンション管理会社
三菱地所 株式会社,不動産デベロッパー
ラグナロク株式会社,情報通信・SI
株式会社ランドネット,不動産売買・仲介会社
旭化成不動産レジデンス株式会社,賃貸住宅管理・仲介会社
東洋エステートサービス株式会社,賃貸住宅管理・仲介会社
伊藤忠ケーブルシステム株式会社,商社・問屋
株式会社 コダマホーム,工務店
株式会社Modern Leasing,不動産売買・仲介会社
株式会社ブルズ,その他
有限会社渋谷パールホーム,マンション・ビル・不動産オーナー
株式会社 グランドホーム,賃貸住宅管理・仲介会社
マルキ建材株式会社,設備・建材メーカー
大和屋株式会社,マンション管理会社
鋼鈑商事株式会社,設備・建材メーカー
マックス株式会社,設備・建材メーカー
スマイルホーム株式会社,情報通信・SI
株式会社 ハウスドゥ住宅販売,
株式会社松田平田設計横浜事務所,建築設計事務所
株式会社アップル東京,賃貸住宅管理・仲介会社
合同会社SAMURAI,リフォーム会社
株式会社ビズリンク・コンサルティング,商社・問屋
三井住友建設株式会社,ゼネコン・サブコン
Kivana株式会社,ハウスメーカー
キクカワエンタープライズ,
ANAファシリティーズ 株式会社,マンションデベロッパー
パール商事株式会社,インフラ・エネルギー関連企業
東芝情報システム株式会社,情報通信・SI
株式会社スマートハウジング,不動産売買・仲介会社
ピュアグロース株式会社,その他
株式会社Kaboot,
大林新星和不動産株式会社,不動産デベロッパー
株式会社アステックペイント,製造
ハートマンカン事務所,その他
三井住友ファイナンス&リース株式会社,その他
旭化成ホームズ式会社,マンションデベロッパー
株式会社エクセル・コミュニティー,賃貸住宅管理・仲介会社
株式会社ニトリ,物流・運送・小売・流通
株式会社田中組,ゼネコン・サブコン
有限会社アース・デザイン,賃貸住宅管理・仲介会社
株式会社不動産動画制作,不動産売買・仲介会社
株式会社ライナフ,設備・建材メーカー
ヤマト電機株式会社,商社・問屋
tecture株式会社,その他
株式会社コンフィデンス・インターワークス,その他
フィグニー株式会社,
Kojin,製造
シティハウス文京本駒込,マンション管理組合
菊川工業株式会社,リフォーム会社
エムエスアイコンピュータージャパン株式会社,設備・建材メーカー
伊藤忠リート・マネジメント株式会社,マネジメント（AM、PM、FM、BM）
株式会社ITP,その他
グッドモーニング・コミュニケーション株式会社,その他
株式会社マスコミ文化協会,その他
キヤノンシステムアンドサポート株式会社,商社・問屋
よろず企画,その他
株式会社コンピュータシステム研究所,情報通信・SI
東武不動産 株式会社,賃貸住宅管理・仲介会社
株式会社熊谷組,ゼネコン・サブコン
三菱地所レジデンス株式会社,不動産売買・仲介会社
株式会社サクセス,その他
東京建物株式会社,不動産デベロッパー
平安伸銅工業株式会社,その他
株式会社 建築設計同人あらき,建築設計事務所
株式会社バイデンハウス,その他
ソニー生命保険株式会社,その他
株式会社サクセス・プロ,マンション・ビル・不動産オーナー
Blueground Japan株式会社,賃貸住宅管理・仲介会社
株式会社グレイスセブン,賃貸住宅管理・仲介会社
株式会社グランドロータス,不動産売買・仲介会社
株式会社ミヤタエンタープライズ,マンション・ビル・不動産オーナー
株式会社サマンサ・ホームステージング,不動産売買・仲介会社
株式会社sakukar,賃貸住宅管理・仲介会社
大阪公立大学,その他
コンセプティエ・ジャパン合同会社,その他
積水化学工業株式会社,ハウスメーカー
株式会社Minobordo,その他
Techliberty株式会社,情報通信・SI
合同会社インクアーキテクツ,建築設計事務所
シャープ株式会社,製造
株式会社ギムアス,不動産売買・仲介会社
株式会社吉野石膏DDセンター,設備・建材メーカー
株式会社メルディア,リフォーム会社
あき不動産管理株式会社,マンション管理会社
株式会社シティハウス管理,賃貸住宅管理・仲介会社
株式会社アクア,ビルメンテナンス
株式会社みらいパートナーズ,
生和不動産保証株式会社,賃貸住宅管理・仲介会社
株式会社セブン&アイ・クリエイトリンク,マネジメント（AM、PM、FM、BM）
株式会社リクルート,情報通信・SI
株式会社アルファドライブ,その他
スタートアドバンチャー,賃貸住宅管理・仲介会社
因幡電機産業株式会社,設備・建材メーカー
日本生命保険相互会社,不動産デベロッパー
有限会社ブロシェット,賃貸住宅管理・仲介会社
有限会社荒井産業,マンション・ビル・不動産オーナー
ミツイワ株式会社,商社・問屋
石井邦明デザインスタジオ一級建築士事務所,建築設計事務所
株式会社クレアスレント,マンション管理会社
須山建設株式会社,ゼネコン・サブコン
FUSOグループホールディングス株式会社,インフラ・エネルギー関連企業
大和ハウスリアルエステート株式会社,不動産デベロッパー
羽賀社会保険労務士事務所,その他
ジャコワ株式会社,マンション・ビル・不動産オーナー
株式会社B-team,その他
NTTデータ・カスタマサービス株式会社,情報通信・SI
株式会社TERASS,不動産売買・仲介会社
TC神鋼不動産株式会社,不動産デベロッパー
株式会社 清和ビジネス,商社・問屋
株式会社アトム,不動産デベロッパー
AUS,商社・問屋
ダイエーコンサルタンツ,インフラ・エネルギー関連企業
株式会社ネオキャリア,その他
スギヤマ,マンション・ビル・不動産オーナー
永和不動産株式会社,マンション・ビル・不動産オーナー
株式会社三福ホールディングス,マンション管理会社
三菱地所ハウスネット株式会社,賃貸住宅管理・仲介会社
有限会社アーバンエコロジー研究所,建築設計事務所
ニューガイアエナジー株式会社,商社・問屋
株式会社カトルセ,
オフィスマーケティング研究所,建築設計事務所
一般社団法人 全国古家再生推進協議会,マンション・ビル・不動産オーナー
高島株式会社,商社・問屋
オルテ地所開発株式会社,賃貸住宅管理・仲介会社
株式会社シーラ,マンションデベロッパー
株式会社クロダ,その他
株式会社コスモスイニシア,不動産デベロッパー
株式会社プロフェッショナル・ブレインバンク,不動産売買・仲介会社
三菱電機株式会社,設備・建材メーカー
株式会社共立エステート,不動産デベロッパー
株式会社 アクセルラボ,物流・運送・小売・流通
株式会社コレカ・サポート,その他
コンチネンタルホーム株式会社,ハウスメーカー
有限会社華多岐,マンション管理会社
株式会社ヤマコン,工事会社
西日本鉄道株式会社,マンションデベロッパー
NSK,物流・運送・小売・流通
大津ヶ丘第五管理,マンション管理組合
三井住友海上火災株式会社,その他
株式会社レクシード,工事会社
株式会社東京建物アメニティサポート,マンション管理会社
エッジテクノロジー株式会社,情報通信・SI
株式会社タカサ,リフォーム会社
有限会社寺西商事,賃貸住宅管理・仲介会社
宮川工機株式会社,
株式会社ビルネット,マンション管理会社
株式会社KIZUKU,不動産デベロッパー
株式会社S-point,賃貸住宅管理・仲介会社
ソニーネットワークコミュニケーションズコネクト株式会社,情報通信・SI
株式会社菅崎電気商会,工事会社
レジル株式会,インフラ・エネルギー関連企業
株式会社リブランマインド,不動産デベロッパー
株式会社クイックガーデニング,その他
株式会社ウィルオブコンストラクション,その他
ケネディクス株式会社,マネジメント（AM、PM、FM、BM）
イチミヤ,その他
株式会社SIRE,賃貸住宅管理・仲介会社
株式会社タカマツヤ,商社・問屋
株式会社AQ Group,ハウスメーカー
ソニーネットワークコミュニュケーションコネクト株式会社,情報通信・SI
株式会社ゼンリン,情報通信・SI
株式会社東芝,設備・建材メーカー
HARVEY RESIDENCE株式会社,不動産デベロッパー
Privat,その他
株式会社あわえ,その他
株式会社ヤマシタジムキ,物流・運送・小売・流通
カサヴェール河辺管理組合,マンション管理組合
株式会社ジョリーグッド,情報通信・SI
ホクシンハウス株式会社,工務店
FPTジャパンホールディングス株式会社,その他
株式会社レオパレス21,賃貸住宅管理・仲介会社
株式会社0,その他
株式会社池田山エステート,不動産デベロッパー
有限会社天祥,賃貸住宅管理・仲介会社
VNEXT JAPAN株式会社,ハウスメーカー
株式会社日新ハウジング,建築設計事務所
株式会社インペリアル麻布,マンション管理会社
株式会社クローバーコミュニティ,マンション管理会社
株式会社divx,情報通信・SI
キャリアネット株式会社,建築設計事務所
株式会社サンケイビルマネジメント ビル事業本部,マンション管理会社
株式会社ケイオー,建築設計事務所
KTプロパティーズ株式会社,不動産売買・仲介会社
株式会社縁,賃貸住宅管理・仲介会社
リレント早稲田マンション管理組合,マンション管理組合
株式会社丸和不動産,不動産売買・仲介会社
一般社団法人日本能率協会,その他
宮城建設株式会社,工務店
積水ハウス建設関東株式会社,工務店
株式会社ケービデバイス,物流・運送・小売・流通
株式会社シンフィールド,設備・建材メーカー
有限会社 ティケイ商会,不動産デベロッパー
エバーリッジ株式会社,その他
乃木坂特許商標事務所,その他
株式会社カナリー,賃貸住宅管理・仲介会社
日本総合住生活株式会社,マンション管理会社
杉本電機産業株式会社,商社・問屋
パナソニックホームズ株式会社,ハウスメーカー
合同会社 恭海建設,その他
ハウスコム東東京株式会社,賃貸住宅管理・仲介会社
ブライト株式会社,設備・建材メーカー
株式会社オーナーズ・スタイル,その他
株式会社GMアソシエ,マンション管理会社
大和ハウスベンチャーズ株式会社,不動産デベロッパー
株式会社キタガミプロパティマネジメント,マンション・ビル・不動産オーナー
合同会社フラウパートナー,不動産売買・仲介会社
大樹生命保険株式会社,その他
株式会社ZKTecoジャパン,製造
フリーランス,その他
有限会社 米本工業,リフォーム会社
株式会社カワタキコーポレーション,商社・問屋
株式会社ガーデンプラス,工事会社
株式会社Guti,その他
有限会社日本音響研究所,その他
東京都中小企業振興公社,自治体
さくら不動産,賃貸住宅管理・仲介会社
株式会社フージャースリビングサービス,マンション管理会社
株式会社NEXCO保険サービス,その他
株式会社immedio,その他
大成有楽不動産株式会社,マンション管理会社
有限会社ハウジングビビアン,賃貸住宅管理・仲介会社
前田工繊産資株式会社,設備・建材メーカー
有限会社 グリュック 紀舟,マンション・ビル・不動産オーナー
株式会社東日本地所,その他
AAO合同会社,マンション・ビル・不動産オーナー
一般社団法人住環境測定協会,その他
株式会社広島不動産買取センター,工務店
オーキッド株式会社,不動産売買・仲介会社
株式会社 アイコットリョーワ,設備・建材メーカー
新明和工業株式会社,製造
ちはら台ファミールハイツ,マンション管理組合
株式会社オファーズ,マネジメント（AM、PM、FM、BM）
OCIジャパン株式会社,その他
ジェイレックス・コーポレーション株式会社,マンションデベロッパー
株式会社ニューガイア,賃貸住宅管理・仲介会社
株式会社プライアコーポレーション,マンション管理会社
森松宅建株式会社,賃貸住宅管理・仲介会社
株式会社オリバー,賃貸住宅管理・仲介会社
株式会社SAMURAI ARCHITECTS,
金子ビルサービス株式会社,賃貸住宅管理・仲介会社
マイスター60,その他
大林ファシリティーズ株式会社,ビルメンテナンス
株式会社大一不動産,賃貸住宅管理・仲介会社
エンゼル不動産,不動産売買・仲介会社
株式会社西原衛生工業所,ゼネコン・サブコン
株式会社横河システム建築,マンション管理組合
株式会社 日宣,その他
サンマンションアトレ東雪谷,マンション管理組合
リビオシティ船橋北習志野管理組合,その他
株式会社エー・ディー・ワークス,不動産デベロッパー
株式会社Enter!,情報通信・SI
株式会社ハウスクル,賃貸住宅管理・仲介会社
エコワークス 株式会社,工務店
静岡鉄道株式会社,不動産デベロッパー
神奈川中央住宅株式会社,賃貸住宅管理・仲介会社
イングパーク株式会社,その他
万代総合コンサルタント,その他
株式会社意匠計画,その他
積水ハウス株式会社,ハウスメーカー
三菱地所コミュニティ株式会社,マンション管理会社
株式会社エリアワン,工務店
港北ニュータウンイオ,マンション管理組合
パナソニック システムデザイン株式会社,情報通信・SI
日本住建株式会社,工務店
株式会社カネコ,製造
株式会社 新洋,ハウスメーカー
株式会社いい生活,情報通信・SI
株式会社 坂本工務店,工務店
巴産業株式会社,商社・問屋
方林家居装?有限公司,リフォーム会社
在住ビジネス株式会社,その他
藤永製薬株式会社,製造
株式会社日本財託管理サービス,賃貸住宅管理・仲介会社
???林装?装修有限公司,リフォーム会社
株式会社レガカンパニー,その他
株式会社えくぼアサノヤ,マンション・ビル・不動産オーナー
株式会社グローバルリンク,その他
新出光不動産株式会社,賃貸住宅管理・仲介会社
不動産業,マンション・ビル・不動産オーナー
株式会社まどりLABO,
株式会社M.YORK,
中央日本土地建物株式会社,
多摩トラスト,
西松建設株式会社,
アイキューソフィア株式会社,
ソ二一ネットワークコミュニケ一ションズコネクト株式会社,
株式会社PE&P,
株式会社アメニティジョイハウス,
株式会社ジョイフル本田,
PLAINER株式会社,
株式会社クラス,
株式会社GARDE,
株式会社フェリックスジャパン,
アツトホーム株式会社,
株式会社DYMキャリア,
株式会社アド・フェィス,
Olly株式会社,
霞ヶ関国際会計事務所グループ KIAトラスト株式会社,
三菱地所ハウスネツト株式会社,
パナソニックホ一ムズ株式会社,
株式会社アップルパーク,
NOK 株式会社,
株式会社ディア・ライフ,
株式会社LlXル,
株式会社カイロス住宅サービス,
株式会社ジ-・サ一チ,
株式会社ジー・サーチ,
株式会社ビルネツト 共立メンテナンスグループ,
株式会社オークハウス(本社),
株式会社リペア,
株式会社ひかり工務店,
株式会社レイズ,
三菱商事 株式会社,
株式会社オフィスR&M,
新都心不動産株式会社,
株式会社フ-ジャースアセットマネジメント,
イタンジ株式会社,
株式会社ライフシーズ,
ソニーネットワークコミュニケ一ションズコネクト株式会社,
東急不動産ホールディングス株式会社/東急不動産株式会社,
アイリスオーヤマ株式会社,
アドレック株式会社/アドレツク株式会社一級建築士事務所,
株式会社Adventierra,
株式会社microdeveIopment,
辻・本郷ITコンサルティング株式会社,
アソビシステム株式会社,
ブラス株式会社,
株式会社オークハウス,
株式会社力ラーアンドデコ,
株式会社ホームスチーフング・ジャパン,
株式会社日経BP,
ユニオンテツク株式会社,
AZX総合法律事務所,
日本ロレアル 株式会社,
データセクション株式会社,
株式会社ソニーコンピュータサイエンス研究所,
株式会社アダワス,
ソニーグループ株式会社,
株式会社NTTデータ,
春蒔プロジェクト株式会社,
舂蒔プロジェクト株式会社,
株式会社フロンティアコンサルティング,
株式会社リアルゲイト,
株式会社an.astudio,
HENNGE株式会社,
株式会社リブラコ,
株式会社ZFORCE,
株式会社TYING(タイング),
株式会社ムゲンエステート,
株式会社サンケイビル,
株式会社ゲレンデ不動産(仮),
株式会社Speee,
Nowhere Group株式会社,
新コスモス電機株式会社,
株式会社ブロードエンタープライズ,
株式会社新日本建物,
株式会社グレ一トステイ,
株式会社シェア180,
株式会社INDUSTRIAL-X,
サンフロンティア不動産株式会社,
アイリスチトセ株式会社,
株式会社デザインア一ク,
埋木舎,
GLIN Impact Capital,
株式会社FLUX,
株式会社大塚商会,
矢作建設工業株式会社,
東急建設株式会社,
株式会社アットオフィス,
株式会社中商,
株式会社ホープハウスシステム,
株式会社アンデザイン,
株式会社Shinkichi design,
株式会社 街クリエイション,
株式会社賃貸メイト,
greeniche.inc,
株式会社モレス,
アイテック株式会社,
株式会社翔工務店,
株式会社マルク,
センチュリー21 ホームネット,
株式会社平安不動産,
株式会社新和建設,
株式会社アル.パートナーズ建築設計,
株式会社H&M一級建築士事務所,
一級建築士事務所nua,
てらさき建築設計,
株式会社木村設計A・T,
株式会社相田,
有限会社聖建築設計事務所,
株式会社グローバルセンター,
株式会社kenma,
株式会社白水社,
株式会社ケンソー,
株式会社PICK,
株式会社B-PROJECT,
airdesign and create,
清水建設 株式会社,
株式会社大滝工務店,
シン設計室,
JOA株式会社,
プラナス株式会社一級建築士事務所,
カワセミデザイン建築設計事務所,
株式会社ラヴィットハウス,
株式会社日本ビルディング経営企画,
Atelier Ohtaki architecture,
森トラスト株式会社,
株式会社 えん道エステート,
合同会社TSUBAKI DESIGN一級建築士事務所,
有限会社きこりたち,
株式会社ジ一・サーチ,
株式会社ジ一・サ一チ,
NTTア一バンソリューションズ株式会社,
株式会社USENWORKWELL,
株式会社NSFエンゲ一ジメント,
株式会社NSFエンゲージメント,
株式会社クロス・マーケティング,
広島県公立大学法人 叡啓大学,
ソニ一グループ株式会社,
株式会社元オカモトヤ,
株式会社オカモトヤ,
株式会社-条工務店,
大和インフィリンク株式会社,
株式会社Astate,
スマサテ 株式会社,
株式会社ZKTeco,
生和不動産保証株式会社(生和グループ),
生和コーポレーション株式会社,
株式会社さとう工務店,
COREZO株式会社,
株式会社レザミ,
サンワード証券株式会社,
株式会社MIJ,
ハンドワン株式会社,
プロパティエージェント株式会社,
●事務所準備中,
生活協同組合かながわ住宅コープ,
アイキュ一ソフィア株式会社,
株式会社 共立メンテナンス,
カイロスAI株式会社,
株式会社ゴールドクレスト神奈川支社,
生活協同組合ちば住宅コ一プ,
SDコーポレーション 株式会社,
株式会社アズ一ロ,
株式会社LOOPLACE,
株式会社クリアキャピタル,
株式会社eeeats,
Renxa株式会社,
TC神鍋不動産株式会社,
株式会社リブラン,
株式会社夕力サ,
株式会社青山不動産ネットワークス,
株式会社リエ エンタ一プライズ,
翔和建物株式会社,
Dual Life Partners株式会社,
コマースブレイン株式会社,
株式会社アレップス,
大東建託株式会社,
株式会社ステージプランナー,
大豊建設株式会社,
株式会社one it,
株式会社マーク,
久保都島建築設計事務所,
リノベる株式会社,
株式会社オープンハウス・アーキテクト,
株式会社アルファ建築設計事務所,
ヨシザワ想造建築株式会社,
進和建設工業株式会社,
渡邊唯建築設計事務所,
株式会社NSP設計,
test,
株式会社アズスタット,
株式会社C.P.O設計,
株式会社日立プラントサービス,
株式会社Associa D&i,
株式会社ジョウコウ,
株式会社石勝エクステリア,
株式会社アールプランナー,
株式会社伊藤建築設計事務所,
?フリーメールアドレス,
テストテスト,
クッシュマン・アンド・ウェイクフィールド・アセットマネジメント株式会社,
OMソーラー株式会社,
株式会社 カフェ,
東京海上日動ファシリティーズ株式会社,
ホームデコール設計事務所合同会社,
有限会社Tripster,
TBCグループ株式会社,
有限会社森平製材所,
株式会社Reーイノベーション・パートナーズ,
吉川建設 株式会社,
ホームトレードセンター株式会社,
服部建築設計,
株式会社ココシスグリーン,
株式会社佐藤尚巳建築研究所,
株式会社ライフサロン横浜,
株式会社ムラヤマ,
株式会社ハイブ,
田中土建工業株式会社,賃貸住宅管理・仲介会社
グリーンシップ株式会社,
九鉄工業株式会社,
株式会社プレスト,不動産売買・仲介会社
夢木香株式会社,
大和財託株式会社,
株式会社トイファクトリー,
大都販売株式会社,
"ZAI,Inc.",
ASTER,
株式会社 アイエス不動産,
株式会社ストライク,
株式会社クオリティエステート,
Links Management株式会社,
株式会社 飯田組,
Asplead株式会社,
ビルド・ワークス,
YAF,
JR九州コンサルタンツ株式会社,
株式会社ユタカコーポレーション,
ソーシャルインテリア,
株式会社 北菱,
株式会社 竹本建築,
運船建設株式会社,
株式会社 オームラ設計,
株式会社加藤建築事務所,
ワウハウス株式会社,
株式会社 エネアーク関西,
株式会社 大澤工務店(株式会社K2-housing),
株式会社 アーク工房,
株式会社 ヤマカ木材,
株式会社WIZU,
株式会社ほりきり太郎不動産,
株式会社アシスト・ビジネス,マンション・ビル・不動産オーナー
KENディベロップメント株式会社,工務店
東京ガス株式会社,その他
ビレッジハウス・マネジメント株式会社,賃貸住宅管理・仲介会社
東急ライフィア 株式会社,賃貸住宅管理・仲介会社
株式会社すまいごこち,賃貸住宅管理・仲介会社
株式会社マツイ,賃貸住宅管理・仲介会社
有限会社ホルスカンパニー,マンション・ビル・不動産オーナー
不動産M&Aパートナーズ株式会社,その他
白鶴酒造株式会社,マンション・ビル・不動産オーナー
有限会社ビエンと,マンション・ビル・不動産オーナー
大朋商事株式会社,マンション・ビル・不動産オーナー
DXアンテナ株式会社,設備・建材メーカー
ニッコンホールディングス株式会社,賃貸住宅管理・仲介会社
株式会社BRIサポート,賃貸住宅管理・仲介会社
一般社団法人企業間情報連携推進コンソーシアム,その他
株式会社ハイホー,情報通信・SI
株式会社ハイブリッドホーム,リフォーム会社
株式会社たかのは,不動産売買・仲介会社
株式会社日本ロックサービス,その他
株式会社JPMC,賃貸住宅管理・仲介会社
第一生命保険株式会社,その他
合同会社グリーツ,マンション・ビル・不動産オーナー
株式会社シティ・ハウジング,賃貸住宅管理・仲介会社
A&R INVESTMENTS 株式会社,マンション・ビル・不動産オーナー
有限会社山嵜勇建築研究所,リフォーム会社
The TRUST 株式会社,マンション・ビル・不動産オーナー
株式会社明豊プロパティーズ,賃貸住宅管理・仲介会社
株式会社アートアベニュー,賃貸住宅管理・仲介会社
かわせみアセット合同会社,マンション・ビル・不動産オーナー
株式会社AIベストパートナーズ,情報通信・SI
南海ビルサービス株式会社,賃貸住宅管理・仲介会社
大建工業株式会社,設備・建材メーカー
株式会社hanamata.jp,その他
株式会社ウェルビーイング,その他
株式会社KITAMURA OFFICE,マンション・ビル・不動産オーナー
株式会社 アメニティーハウジング,賃貸住宅管理・仲介会社
株式会社くらしのセゾン,マンション管理会社
株式会社アールイーナンバー,賃貸住宅管理・仲介会社
株式会社シーディーエム,賃貸住宅管理・仲介会社
株式未来ネット,設備・建材メーカー
東武ビジネスソリューション株式会社,情報通信・SI
株式会社フォーメンバーズ,賃貸住宅管理・仲介会社
株式会社Live Search,情報通信・SI
株式会社バウハウス丸栄,その他
ABC不動産株式会社,賃貸住宅管理・仲介会社
株式会社 ピア.18,マンション・ビル・不動産オーナー
アイホン株式会社,設備・建材メーカー
パナソニックホームズ埼玉西株式会社,賃貸住宅管理・仲介会社
コルソル株式会社,マンション・ビル・不動産オーナー
株式会社Roam,その他
株式会社ウチダレック,賃貸住宅管理・仲介会社
グランドール株式会社,マンション・ビル・不動産オーナー
株式会社福成,マンション・ビル・不動産オーナー
株式会社東計電算,情報通信・SI
ウイザースホーム,ハウスメーカー
株式会社桑和,マンション・ビル・不動産オーナー
株式会社まどか,その他
株式会社リライフ,賃貸住宅管理・仲介会社
谷本ビル管理株式会社,マンション・ビル・不動産オーナー
三和不動産株式会社,賃貸住宅管理・仲介会社
株式会社財成リアリティ,賃貸住宅管理・仲介会社
株式会社TERASS PARTNERS,賃貸住宅管理・仲介会社
株式会社メガフランチャイズシステム,マンション・ビル・不動産オーナー
北澤商事株式会社,賃貸住宅管理・仲介会社
株式会社アクシオンアーキテクツデザインプラス,不動産売買・仲介会社
デジタル証券株式会社,その他
東和開発株式会社,賃貸住宅管理・仲介会社
髙松エステート株式会社,賃貸住宅管理・仲介会社
株式会社アイエスコート,マンション・ビル・不動産オーナー
三菱UFJリサーチ&コンサルティング株式会社,その他
有限会社大坪事務所,賃貸住宅管理・仲介会社
有限会社トモダ,マンション・ビル・不動産オーナー
SAWARAコーポレーション株式会社,マンション・ビル・不動産オーナー
株式会社エターナル,マンション・ビル・不動産オーナー
パナソニックリビング株式会社,リフォーム会社
富士企画株式会社,賃貸住宅管理・仲介会社
積水ハウスシャーメゾンPM東京株式会社,賃貸住宅管理・仲介会社
株式会社 千歳不動産,賃貸住宅管理・仲介会社
株式会社市川住宅管理,リフォーム会社
株式会社ケーティアイレジデンス,賃貸住宅管理・仲介会社
松林建設株式会社,工務店
株式会社 日生リビングシエスタ,ゼネコン・サブコン
株式会社アークホーム,賃貸住宅管理・仲介会社
株式会社アイディプロパティ,賃貸住宅管理・仲介会社
有限会社 二塚,マンション・ビル・不動産オーナー
株式会社アゼリアホーム,工務店
合同会社アビテルノール,マンション・ビル・不動産オーナー
株式会社タカラレーベン,ゼネコン・サブコン
サンワリアルエステート株式会社,不動産売買・仲介会社
株式会社高岡建材,リフォーム会社
株式会社やる気スイッチグループ,その他
松井産業,不動産売買・仲介会社
株式会社パパマハロ,マンション・ビル・不動産オーナー
合同会社アガタ・インベストメンツ,マンション・ビル・不動産オーナー
株式会社林プランニング,マンション・ビル・不動産オーナー
三菱地所リアルエステートサービス株式会社,賃貸住宅管理・仲介会社
株式会社KAPEN,リフォーム会社
ミノラス不動産株式会社,賃貸住宅管理・仲介会社
Jpex Logistics,マンション・ビル・不動産オーナー
株式会社アパ―トナー,賃貸住宅管理・仲介会社
岡三ビルアセットマネジメント合同会社,マンション・ビル・不動産オーナー
株式会社リードワン,賃貸住宅管理・仲介会社
Speedjapan株式会社,情報通信・SI
大みか不動産株式会社,賃貸住宅管理・仲介会社
株式会社ルート99,その他
株式会社 ミニミニ城東,賃貸住宅管理・仲介会社
株式会社つなぐネットコミュニケーションズ,その他
株式会社アーバン企画開発管理,賃貸住宅管理・仲介会社
株式会社レノバ,不動産デベロッパー
合同会社フタバガキの杜,マンション・ビル・不動産オーナー
JAあいち経済連,賃貸住宅管理・仲介会社
株式会社油倉,賃貸住宅管理・仲介会社
株式会社 ミライズ,賃貸住宅管理・仲介会社
株式会社 明和住販流通センター,賃貸住宅管理・仲介会社
株式会社 リゾン,賃貸住宅管理・仲介会社
ティーピーリンクジャパン株式会社,設備・建材メーカー
株式会社ロータスホーム,賃貸住宅管理・仲介会社
有限会社オネストリファイン,リフォーム会社
NECネッツエスアイ株式会社,情報通信・SI
株式会社イーアセット,賃貸住宅管理・仲介会社
青山コーポレーション株式会社,賃貸住宅管理・仲介会社
有限会社ジャパングロウリアルティ,賃貸住宅管理・仲介会社
株式会社 有田,マンション・ビル・不動産オーナー
河内土地建物,賃貸住宅管理・仲介会社
土浦ケーブルテレビ株式会社,情報通信・SI
株式会社長谷工ライブネット,ゼネコン・サブコン
株式会社綜合キャリアオプション,その他
株式会社 リアルエスト,賃貸住宅管理・仲介会社
株式会社SHIFT,情報通信・SI
有限会社ハセガワ,マンション・ビル・不動産オーナー
山陽通信工業,その他
株式会社ユナイトボード,設備・建材メーカー
株式会社オーリック不動産,賃貸住宅管理・仲介会社
スターツデベロップメント株式会社,ゼネコン・サブコン
ティーペック株式会社,その他
株式会社ホームロジスティクス,その他
ジャパンマーケティング,不動産売買・仲介会社
Checkout株式会社,その他
相鉄不動産株式会社,ゼネコン・サブコン
NTTビジネスソリューションズ,情報通信・SI
株式会社コアカン,賃貸住宅管理・仲介会社
高齢者住宅新聞社,その他
株式会社CISレジデンス迄,賃貸住宅管理・仲介会社
株式会社万惠紘,マンション・ビル・不動産オーナー
有限会社 マニワ設備,設備・建材メーカー
新川,マンション・ビル・不動産オーナー
関西ビジネスインフォメーション株式会社,その他
あづま産業株式会社,マンション・ビル・不動産オーナー
厚木倉庫株式会社,賃貸住宅管理・仲介会社
株式会社サンポー,賃貸住宅管理・仲介会社
とこのま不動産,賃貸住宅管理・仲介会社
株式会社福原石油店 オークちかがわ,マンション・ビル・不動産オーナー
萩生田観光株式会社,賃貸住宅管理・仲介会社
Irodori株式会社,不動産売買・仲介会社
桂不動産株式会社,賃貸住宅管理・仲介会社
株式会社 U-NEXT LIVING PARTNERS,設備・建材メーカー
株式会社安泰,リフォーム会社
LifeStyle株式会社,賃貸住宅管理・仲介会社
株式会社YAKアセットマネージメント,賃貸住宅管理・仲介会社
株式会社ミニミニ神奈川,賃貸住宅管理・仲介会社
HAPPY.BLEND株式会社,マンション・ビル・不動産オーナー
東京大学消費生活協同組合,賃貸住宅管理・仲介会社
株式会社リバイブル,賃貸住宅管理・仲介会社
日本情報クリエイト株式会社,情報通信・SI
株式会社黒田屋商店,その他
株式会社エーシークリエイト,賃貸住宅管理・仲介会社
新日本信用保証株式会社,その他
株式会社丸水,マンション・ビル・不動産オーナー
株式会社プラルト,その他
株式会社文天不動産,賃貸住宅管理・仲介会社
株式会社 会澤工務店,賃貸住宅管理・仲介会社
株式会社千葉通信システム,情報通信・SI
都築木材株式会社,その他
株式会社葵エステート,不動産売買・仲介会社
株式会社ピース企画,賃貸住宅管理・仲介会社
株式会社funwave,その他
東京建物不動産販売株式会社,賃貸住宅管理・仲介会社
株式会社PinT,その他
株式会社アンビション DX ホールディングス,その他
玉川ビル有限会社,マンション・ビル・不動産オーナー
株式会社富士通ゼネラル設備,設備・建材メーカー
合同会社M-Inon,マンション・ビル・不動産オーナー
稲岡ハウジング株式会社,賃貸住宅管理・仲介会社
株式会社ティーネットワーク,賃貸住宅管理・仲介会社
ニッケン建設株式会社,工務店
JCOM株式会社,情報通信・SI
丸高商事株式会社,賃貸住宅管理・仲介会社
株式会社アスピア,賃貸住宅管理・仲介会社
綿半リアルエステート株式会社,賃貸住宅管理・仲介会社
Knees bee 税理士法人,その他
株式会社ヴィダックス,賃貸住宅管理・仲介会社
今田産業株式会社,マンション・ビル・不動産オーナー
株式会社approom,賃貸住宅管理・仲介会社
株式会社RPG,賃貸住宅管理・仲介会社
カルダンフィーチャー株式会社,マンション・ビル・不動産オーナー
ジーク株式会社,賃貸住宅管理・仲介会社
JR西日本住宅サービス株式会社,賃貸住宅管理・仲介会社
ピースフルリノベイト株式会社,リフォーム会社
株式会社北斗ハウジング,賃貸住宅管理・仲介会社
東京海上ミレア少額短期保険,その他
サンユウ,賃貸住宅管理・仲介会社
株式会社コープリビングサービス東海,賃貸住宅管理・仲介会社
株式会社REVE,賃貸住宅管理・仲介会社
シービーアールイー株式会社,その他
東急住宅リース株式会社,賃貸住宅管理・仲介会社
リロン株式会社,賃貸住宅管理・仲介会社
大阪ガスファイナンス株式会社,その他
株式会社すぺーすれんと,マンション・ビル・不動産オーナー
FJコミュニティ,賃貸住宅管理・仲介会社
株式会社ハウスパートナー,賃貸住宅管理・仲介会社
ヤジマ温泉お風呂株式会社,不動産売買・仲介会社
群馬セキスイハイム株式会社,ハウスメーカー
今西商事株式会社,マンション・ビル・不動産オーナー
株式会社エフ・ジェー・コミュニティ,賃貸住宅管理・仲介会社
株式会社セカイズ,その他
水戸農業協同組合,賃貸住宅管理・仲介会社
東急不動産キャピタル・マネジメント株式会社,その他
エルズサポート株式会社,その他
JR東海不動産株式会社,賃貸住宅管理・仲介会社
株式会社マイスタイル,賃貸住宅管理・仲介会社
株式会社サニックス,情報通信・SI
株式会社 ミヤザキエナジー,工務店
セイキ総業株式会社,設備・建材メーカー
日経管財株式会社,不動産売買・仲介会社
株式会社リアルエステート・エージェント・ジャパン,不動産売買・仲介会社
株式会社Y's Share,その他
株式会社ギガプライズ,情報通信・SI
株主会社ヴェルダント,賃貸住宅管理・仲介会社
谷口ビル株式会社,マンション・ビル・不動産オーナー
株式会社ラストワンマイル,その他
株式会社ファミリーネット・ジャパン,情報通信・SI
JA山形市,不動産売買・仲介会社
有限会社みづほ産業,リフォーム会社
ラヴィエルジュ鹿児島,マンション・ビル・不動産オーナー
株式会社マチモリ不動産,賃貸住宅管理・仲介会社
グッドワークス株式会社,建築設計事務所
株式会社インサイト,その他
株式会社カチグミ,賃貸住宅管理・仲介会社
Jグランド株式会社,賃貸住宅管理・仲介会社
株式会社MAI,ハウスメーカー
AS-PARTNERS株式会社,賃貸住宅管理・仲介会社
伏見管理サービス,マンション管理会社
環境ステーション株式会社,賃貸住宅管理・仲介会社
株式会社愛媛総合センター,不動産売買・仲介会社
合同会社オフィスK&T,マンション・ビル・不動産オーナー
株式会社ウィローズ,賃貸住宅管理・仲介会社
株式会社リロクリエイト,その他
ナカイチ株式会社,マンション・ビル・不動産オーナー
株式会社 岩本商会,その他
株式会社イズミ,マンション・ビル・不動産オーナー
株式会社ジェイエーアメニティーハウス,賃貸住宅管理・仲介会社
個人,マンション・ビル・不動産オーナー
オリエンタルモータービジネス株式会社,その他
日本社宅サービス株式会社,その他
合同会社内橋不動産,マンション・ビル・不動産オーナー
株式会社TOTINOKI,賃貸住宅管理・仲介会社
アルファプラン,賃貸住宅管理・仲介会社
株式会社リロクラブ,その他
東京家具工芸株式会社,その他
株式会社オリエントコーポレーション,その他
フジ・アメニティサービス株式会社,賃貸住宅管理・仲介会社
株式会社フィデリオ,賃貸住宅管理・仲介会社
株式会社マネッジパートナー,賃貸住宅管理・仲介会社
平田企画,マンション・ビル・不動産オーナー
有限会社エステートイトウ,マンション・ビル・不動産オーナー
大東建託パートナーズ株式会社,賃貸住宅管理・仲介会社
株式会社山八建設,賃貸住宅管理・仲介会社
株式会社 高山不動産,賃貸住宅管理・仲介会社
株式会社キャッチネットワーク,その他
株式会社レキオス,賃貸住宅管理・仲介会社
ゴーディアンコンサルティング株式会社,マンション・ビル・不動産オーナー
平和ハウジング株式会社,賃貸住宅管理・仲介会社
株式会社東栄住宅,賃貸住宅管理・仲介会社
株式会社大和興産,賃貸住宅管理・仲介会社
株式会社冨阪建設,ゼネコン・サブコン
アートステージ株式会社,賃貸住宅管理・仲介会社
株式会社USENTRUST,その他
大阪ガス都市開発株式会社,ゼネコン・サブコン
株式会社テイク・ワン,賃貸住宅管理・仲介会社
株式会社渋沢,工務店
合同会社シーエフアシスト,マンション・ビル・不動産オーナー
株式会社Plus Partners,不動産売買・仲介会社
株式会社彩,リフォーム会社
坂倉鋳工合資会社,マンション・ビル・不動産オーナー
株式会社 K・F・Eサービス,マンション・ビル・不動産オーナー
株式会社ワカホ,マンション・ビル・不動産オーナー
株式会社サキコーポレーション,賃貸住宅管理・仲介会社
株式会社琉信ハウジング,賃貸住宅管理・仲介会社
株式会社ペスカトーレ,マンション・ビル・不動産オーナー
株式会社アイワ不動産,賃貸住宅管理・仲介会社
ハヤセ株式会社,マンション・ビル・不動産オーナー
ライフホーム不動産株式会社,賃貸住宅管理・仲介会社
株式会社 ヒロ・アーキテック,工務店
株式会社シンアイ産業,その他
株式会社レントネット信和,賃貸住宅管理・仲介会社
特定非営利活動法人介護賃貸住宅NPOセンター,その他
株式会社iimon,情報通信・SI
株式会社ハウスメイトショップ新宿店,賃貸住宅管理・仲介会社
株式会社セゾンハウス,賃貸住宅管理・仲介会社
株式会社やまがみ不動産,賃貸住宅管理・仲介会社
株式会社3films,情報通信・SI
株式会社いるま野サービス,賃貸住宅管理・仲介会社
株式会社タカギ,設備・建材メーカー
住友林業レジデンシャル株式会社,賃貸住宅管理・仲介会社
株式会社ホームズカンパニージャパン,賃貸住宅管理・仲介会社
株式会社ルアネクト,賃貸住宅管理・仲介会社
株式会社ホームズカンパニー,賃貸住宅管理・仲介会社
IKEA Japan K.K.,その他
株式会社Komorebi,賃貸住宅管理・仲介会社
渋沢テクノ建設株式会社,工務店
合同会社アニー,マンション・ビル・不動産オーナー
株式会社藤井ビル,賃貸住宅管理・仲介会社
株式会社ハートフルハウス,賃貸住宅管理・仲介会社
有限会社 いとう仙,マンション・ビル・不動産オーナー
株式会社エーエスシー,情報通信・SI
株式会社フィニシア・センス,賃貸住宅管理・仲介会社
株式会社第一興商,賃貸住宅管理・仲介会社
冨士物産株式会社,賃貸住宅管理・仲介会社
株式会社光通信,賃貸住宅管理・仲介会社
StockPlus合同会社,マンション・ビル・不動産オーナー
Office Y,マンション・ビル・不動産オーナー
株式会社ボーンマーク,賃貸住宅管理・仲介会社
アクア技研株式会社,マンション・ビル・不動産オーナー
名城企画株式会社,賃貸住宅管理・仲介会社
株式会社テスク,賃貸住宅管理・仲介会社
株式会社アイディーエム,賃貸住宅管理・仲介会社
株式会社フォー・ナイン,不動産売買・仲介会社
バリューシステムサービス株式会社,情報通信・SI
朝日建設株式会社,工務店
福岡県住宅供給公社,官公庁・団体
有限会社島根スクエア,賃貸住宅管理・仲介会社
平和不動産株式会社,ゼネコン・サブコン
ウォーク株式会社,マンション・ビル・不動産オーナー
東住ハウジング株式会社,賃貸住宅管理・仲介会社
リバーフィールド合同会社,マンション・ビル・不動産オーナー
株式会社キュービック,賃貸住宅管理・仲介会社
株式会社クラフトホームズ,賃貸住宅管理・仲介会社
サンヨーホームズ株式会社,ハウスメーカー
アライヤコーポレーション株式会社,マンション・ビル・不動産オーナー
落合不動産株式会社,賃貸住宅管理・仲介会社
株式会社うらら,リフォーム会社
株式会社 エスティケイ,賃貸住宅管理・仲介会社
株式会社芸備不動産,賃貸住宅管理・仲介会社
株式会社じげん,その他
株式会社リブマックス,その他
自由住宅株式会社,工務店
株式会社栗林商会,その他
横浜サイカパーキング株式会社,その他
有限会社浅井種苗園,マンション・ビル・不動産オーナー
大家オンラインサロン,マンション・ビル・不動産オーナー
合同会社 COHARUKA,賃貸住宅管理・仲介会社
株式会社アイエーエナジー,工務店
藤田機工株式会社,マンション・ビル・不動産オーナー
株式会社アパートナー,賃貸住宅管理・仲介会社
ナスラック株式会社,設備・建材メーカー
株式会社Blanciel,賃貸住宅管理・仲介会社
株式会社オハナリホーム,リフォーム会社
株式会社百撰堂,リフォーム会社
ゴラフト株式会社,情報通信・SI
株式会社レーベントラスト西日本松山支店,賃貸住宅管理・仲介会社
アドバンスホーム株式会社,賃貸住宅管理・仲介会社
セキスイハイム東海株式会社,ハウスメーカー
株式会社もんや,リフォーム会社
株式会社いわき土地建物,賃貸住宅管理・仲介会社
株式会社セイワ地研,賃貸住宅管理・仲介会社
株式会社野村コンサル,不動産売買・仲介会社
株式会社ショウネット,マンション・ビル・不動産オーナー
東京都住宅供給公社,官公庁・団体
株式会社小川組,ゼネコン・サブコン
株式会社 トラスティア,その他
株式会社オクダコーポレーション,賃貸住宅管理・仲介会社
マルケイ株式会社,マンション・ビル・不動産オーナー
ユニデン不動産株式会社,賃貸住宅管理・仲介会社
株式会社フルネス,設備・建材メーカー
株式会社ハウスメイトマネジメント,賃貸住宅管理・仲介会社
村田商事株式会社,賃貸住宅管理・仲介会社
株式会社パコム,賃貸住宅管理・仲介会社
株式会社アールシーコア,ハウスメーカー
合同会社CIWS,賃貸住宅管理・仲介会社
山形市農業協同組合,賃貸住宅管理・仲介会社
KONOIKE Co.株式会社,リフォーム会社
京王不動産株式会社,賃貸住宅管理・仲介会社
岸建工株式会社,工務店
株式会社東京ファシリティサービス,その他
株式会社モダンプロジェ,ゼネコン・サブコン
鈴与商事株式会社,その他
リアルブレイン株式会社,不動産売買・仲介会社
株式会社FREE LIFE,不動産売買・仲介会社
株式会社fjコンサルティング,不動産売買・仲介会社
株式会社前田,賃貸住宅管理・仲介会社
大和ハウスウッドリフォーム株式会社,ハウスメーカー
株式会社house neo,賃貸住宅管理・仲介会社
貝沼建設株式会社,賃貸住宅管理・仲介会社
株式会社穴吹ハウジングサービス,賃貸住宅管理・仲介会社
有限会社KAKUI.CO,賃貸住宅管理・仲介会社
福岡地所株式会社,ゼネコン・サブコン
株式会社エスコン,ゼネコン・サブコン
株式会社リム横浜,賃貸住宅管理・仲介会社
株式会社太陽地所,賃貸住宅管理・仲介会社
株式会社LiVrA,情報通信・SI
株式会社朝日リビング,リフォーム会社
株式会社ニチベイ,設備・建材メーカー
株式会社CHINTAI,
三弘建築事務所株式会社,
株式会社大阪ガスファシリティーズ,
福井コンピュータースマート株式会社,
三越伊勢丹プロパティ・デザイン株式会社,
株式会社住研川越,
荏原環境プラント株式会社,
株式会社ビヨンドボーダーズ,
株式会社brackets,
株式会社エムアールビジネス,
株式会社店研創意,
株式会社FUNC DESIGN,
株式会社サイバーエージェント,
豊通ファシリティーズ株式会社,
東急リバブル 株式会社,
株式会社アルテ,
8175 STUDIO,
株式会社宮工房,
株式会社日企設計,
株式会社 Lakke,
有限会社 塩出建設,
株式会社 海南開発,
ハゼモト建設株式会社,
有限会社 ハウスフィット,
株式会社 エイハウス 田澤一級建築士事務所,
株式会社 角屋ハウジング,
株式会社アルカンシェルホーム,
株式会社 工房夢蔵,
株式会社 ウンノハウス,
東京ガスリノベーション株式会社,
ユートピア建設株式会社,
株式会社 ユニバーサルホームサービス,
株式会社 樋渡建設,
ポラスグランテック株式会社,
渡邊工業株式会社,
イワタニ山陽株式会社,
株式会社 石山工務店,
タクトホーム株式会社,
新日本ホームズ株式会社,
住宅情報館株式会社,
デザイン工房K,
株式会社 ビ・ハウス,
富士リアルティ株式会社,
株式会社 渡辺工務店,
株式会社桧家住宅愛媛,
厚生住宅建設株式会社,
株式会社ライフステージ,
株式会社 チェンジワン,
株式会社 大雄,
山根木材リモデリング株式会社,
ティー・ディー・ハウジング株式会社,
三浦善次郎建築設計室,
株式会社おうちLABO,
株式会社 エイハウス,
アイジャパンホーム株式会社,
株式会社IAO竹田設計,
株式会社THREE,
ヘレナメディアリサーチ,
イナバインターナショナル株式会社,
東京アセットテラス株式会社,
三菱商事都市開発株式会社,
ROOVICE,
学校法人東洋大学,
ヤフー株式会社,
公共R不動産,
ジェイアール北海道エンジニアリング株式会社,
株式会社奥村組,
株式会社ベッセルグループ,
愛知株式会社,
iHouse株式会社,
株式会社Be Homme,
アップルジャパン合同会社,
株式会社ライン,
株式会社戎工務店,
首都高速道路株式会社,
学校法人慶應義塾,
BMF Japan株式会社,
Village Senaha,
株式会社和田組,
企業サイト,
フロンヴィルホームズ名古屋株式会社,
Commercial Casework Inc,
野田建設株式会社,
多摩美術大学,
株式会社DERIVATION,
ジンマイクデザイン合同会社,
「ひのきの家」ブランドの工務店,
Hacarus Inc.,
株式会社一蘭,
福井コンピュータグループ株式会社,
岡部株式会社 あるいは株式会社オカベ,
静岡文化芸術大学,
株式会社クリーク・アンド・リバー社,
株式会社NENGO,
東急株式会社,
株式会社オカムラ,
国立大学法人東京大学,
小川工業株式会社 等,
Apple Inc.,
株式会社日建設計グループ関連,
愛知県経済農業協同組合連合会(JAあいち経済連),
内村建築設計株式会社,
株式会社ネイキッド,
国立大学法人金沢美術工芸大学,
寺島実業株式会社 等、寺島系企業,
岡山理科大学,
学校法人工学院大学,
toolBox,
株式会社サニーアオ,
九州大学 学生用サブドメイン,
株式会社トラスト5,
株式会社ワークセブン,
野村不動産ホールディングス株式会社,
木内建設株式会社,
株式会社QUANTUM,
日建工学株式会社 など「日建」系企業,
株式会社アプリコット,
micro development inc.,
Koozyt株式会社,
学校法人近畿大学,
Re:ADWORKS,
株式会社岡本屋,
URグループ関連会社/株式会社UR都市機構グループ系など,
Sio a little,
Rendery,
リリカラ株式会社,
The Human Miracle,
株式会社ユーアールエルケー,
ロフトワーク株式会社,
株式会社エービーケーエスエス,
オフィスHanako株式会社,
光洋建設株式会社,
DG Home 3D,
クリエイター・ブランド系サイト,
京都芸術大学,
木村建設株式会社,
多摩美術大学・東京造形大学系ではなく、IDA,
株式会社クレー・インク,
SPC-Lab,
DeepArch株式会社,
株式会社三菱地所設計,
R-hand,
楽天グループ株式会社,
株式会社センツァ,
SOLSO,
東京ルームアイ株式会社,
Studio GOGO,
株式会社桑和設計 等、Sowa設計系企業,
NISSHA株式会社,
GAZAI,
SGC株式会社/SGCグループ,
계원예술대학교,
学校法人大阪産業大学,
FREEDOM株式会社,
株式会社リノシス,
株式会社大林組,
地盤ネットホールディングス株式会社,
学校法人 日本工学院,
独自メールサービス,
三井不動産株式会社,
カクオ・アーキテクト・オフィス,
鈴木アーキテクチュア株式会社 等,
Corel Corporation,
"NAC CO., LTD.",
パシフィックコンサルタンツ株式会社のサブドメイン,
That’s all right.,
宮設計,
学校法人 武蔵野美術大学,
株式会社カウネット,
東急リニューアル株式会社,
千葉工業大学 学生用ドメイン,
株式会社前田組,
SNJKK,
株式会社オープンハウスグループ,
辰巳グループ,
株式会社leap lab.,
PTC-G,
ELTONIA,
株式会社オクト,
えがく株式会社,
株式会社ARCHS,
十八番プリント株式会社,
株式会社マスターワークス,
和光株式会社 等、「和光」系企業,
大岡組株式会社,
リフォームギャラリー空株式会社,
WORK HOMES,
オーバルグループ,
株式会社RUXY,
株式会社ニューアートホールディングス,
大和工芸株式会社,
「TA93ABE」個人ブランドサイト,
旭化成ホームズ株式会社等、旭化成グループのオウンドメディアサブドメイン,
大光電機株式会社,
大成有楽不動産株式会社グループ/大成有楽関連会社,
澤村,
株式会社ワークパス,
株式会社 七彩,
三協フロンテア株式会社,
Pinnacle Infotech,
名古屋トヨペットグループ,
Delft University of Technology,
国立工学応用科学学院トゥールーズ校,
ミラノ工科大学,
STUDIO ESD,
株式会社オンワードホールディングス,
網易(北京)網絡有限公司,
谷口工務店,
大阪電気通信大学,
名古屋芸術大学 学生用ドメイン,
株式会社木立,
矢作建設工業株式会社 など矢作グループ,
OFFICE NEXT LIFE DESIGN,
素木家,
株式会社シーンアンドコー,
株式会社ケイブ,
リストインターナショナルリアルティ株式会社,
SUPER MOVE,
ANAグループ:SBS関連サブドメイン,
株式会社KT8,
株式会社丹青社,
株式会社MDI,
H-DESIGN,
小原グループ,
大和リース株式会社,
早稲田大学,
日邦工業/日邦建設 等「NIPPO」系とは別ドメイン,
株式会社ゆめマート,
学校法人文京学院,
オムニインターナショナル株式会社,
株式会社ニュートン,
KDDI株式会社,
BRAIN HOME,
BEST Inc.,
一般社団法人・財団法人系「高知◯◯協会」等,
東武鉄道株式会社 など東武グループ,
Rapport star,
東海旅客鉄道株式会社,
「あまやどり」ブランドサイト,
プロペラトウキョウ,
銭高組,
WOOL DESIGN,
3D Investment Partners Pte. Ltd.,
SN DESIGN,
株式会社デザインセンター,
株式会社スカイフィールド,
アトリエヒロウミ,
エヌ・ティ・ティ・コミュニケーションズ株式会社,
大幸不動産株式会社 等「大高不動産」系,
神戸電子専門学校 学生用ドメイン,
株式会社CSA不動産,
アルフア株式会社,
PK Architecture,
矢野経済研究所、矢野紙器等「矢野」系複数候補,
47インキュベーション株式会社,
大岡組関連情報サイト,
C-CREF,
OSKA Partners,
一般社団法人UCF 等,
集英社ではなく「修成社デザイン」系,
HOWL STUDIOS株式会社,
金橋インタナショナル株式会社,
株式会社スペースモール,
株式会社ドリーム・トレイン・インターネット,
佐伯綜合建設株式会社 等「佐伯総合」系,
秋好建築設計事務所,
裏建築工房,
株式会社 アーネストワン,
ニフティ株式会社,
株式会社ブルーム,
西尾張シーエーティーヴィ株式会社,
株式会社CAC,
時紬,
STUDIO ZINE,
檜創建株式会社,
株式会社まぎし建築設計事務所,
株式会社NICHIBI,
株式会社オプテージ,
株式会社青山碁盤店,
有限会社エムアンドティー,
SAYS DESIGN,
高松テクノ,
株式会社アンツデザイン,
FHAMS株式会社,
株式会社ビジョンネット,
曽於市,
株式会社パラカロ,
家COCOON,
株式会社アールプロジェクトジャパン,
株式会社 CW-BAKU,
青木茂建築工房,
吉川建設株式会社 等,
北海道土木設計株式会社,
IB設計,
株式会社アルディナ・ビジュアル,
有限会社ジャモアソシエイツ,
株式会社クライスネットワークス,
株式会社ハートス,
株式会社ジークラフト,
燈株式会社,
国立大学法人福井大学,
AINA LTD,
A-RA TOKYO,
株式会社スプレッドワン 等,
タウンエステート,
香港大学,
両備ホームズ株式会社,
株式会社新潟リアルティ,
株式会社カクダイ,
株式会社長谷建築設計事務所,
Office MAY,
丸紅アークログ株式会社,
株式会社サーラ住宅グループ...ではなく「シアーズホームグループ株式会社」,
DOISHY,
東神住建株式会社 等,
株式会社イートアンドホールディングス,
BENEFIT,
株式会社ノイ,
株式会社ベクトル,
株式会社foredge,
株式会社フレスコ,
株式会社ゴーリスト,
角文株式会社,
株式会社プロテック,
株式会社TSホールディングス 等,
三菱地所ホーム株式会社,
株式会社電広,
アクソノメトリック株式会社,
野原ホールディングス株式会社,
CHOCO.LA,
株式会社大伸社,
株式会社ハウスイズム,
ネットエン株式会社,
学校法人 武庫川学院,
武一建設/竹市電機など、TAKEICHI系企業,
TOFU AO,
株式会社日比谷花壇,
KAWARIMON,
K-Cloud63のメールホスティング,
TPC株式会社,
アトランティックカーズ株式会社,
TOPPANホールディングス株式会社,
Housing Japan株式会社,
プレミアホスト,
株式会社創和ハウジング,
プロバイダ型ドメイン,
ゼロコーポレーション株式会社,
Ability to Dream and Design Group,
株式会社バイセルテクノロジーズ,
株式会社タカセ,
テンフィールズファクトリー株式会社,
三洋設計株式会社,
B1895,
SUPER CREW,
株式会社ラボナ39,
伊藤博之建築設計事務所,
国立大学法人釧路工業高等専門学校,
Permedica S.p.A.,
NAN70,
山岸アーキテクツ・ファーム株式会社 等,
コトスタイル株式会社,
横松建設株式会社 等,
EGUMI CULTURE,
深圳市捷利昌科技有限公司,
YUKAI Resort,
株式会社500G,
杉本グループ,
株式会社イシン,
株式会社ソーゾネクスト,
株式会社ランディックス,
錦工業株式会社 等,
秋田県,
株式会社さくら,
"Fitz and Floyd, Inc.",
ナインデザイン,
株式会社CADネットワークサービス,
株式会社クレオ,
さくらホーム株式会社,
ユニオン株式会社,
株式会社ヤマナカ,
SOZOW株式会社,
Synesthesias,
ATELIER 02,
株式会社JTBアセットマネジメント,
株式会社リバー,
山形県立◯◯高等学校等の教育関連,
株式会社海野工務店/UNNO Inc. 等,
スカイネットジャパン,
京セラコミュニケーションシステム株式会社,
エスコンジャパン株式会社,
株式会社ルイ,
株式会社大丸松坂屋百貨店,
古河林業株式会社,
公益財団法人・熊谷市役所等の公的団体サブドメイン,
株式会社小嶋工務店,
株式会社 9GATES,
株式会社タマキハウス,
松山東急REIホテル等ではなく「プリンス松山」関連,
宮崎県教育委員会,
協立システム開発株式会社,
興和株式会社,
株式会社ジャストリンク,
村上市,
公益財団法人・NPO等RIM系団体,
武蔵野大学 学生用ドメイン,
専門学校/大原学園の学生用ドメイン,
株式会社サイトウコーポレーション 等,
アミタホールディングス株式会社,
リフォーム関連会社「Reform1」,
IEMORI Architects,
共栄ホーム株式会社,
桐生大学,
AMAL FLAG株式会社,
石井邦明デザインスタジオ,
宿泊予約サイト/株式会社宿ネット 等,
G-FLAT株式会社,
淑徳巣鴨中学高等学校 等,
セイワ不動産/セイワビル管理など「セイワB」系,
新建工業株式会社,
鹿児島県,
朝日エティック株式会社,
株式会社ヒラオカコーポレーション,
横浜デザイン学院,
国立大学法人東京工業大学,
杉本ホールディングス株式会社,
浄土真宗本願寺派 本願寺津村別院,
株式会社フジヒサFJ,
株式会社ブランディング,
のぞみホーム,
株式会社マルホデザイン一級建築士事務所,
OFAAS,
HoloLab株式会社,
テレビシティ株式会社 等,
三技協株式会社/サンギ株式会社 等,
株式会社ジェーピーディーエイチ,
ダイオー株式会社,
株式会社酉島製作所,
大成中野,
ストレージグループ株式会社,
株式会社テンランド,
sugo-rocks!,
株式会社アプクロ,
三栄建設株式会社 等,
小泉産業株式会社,
日本ビール株式会社,
株式会社ACIMUS,
奥住愛工業/奥住系企業,
国立大学法人 和歌山大学,
グリニッチ株式会社,
SILVERBACK,
徳岡青果/徳岡アーキテクトオフィス等,
環境フロンティア株式会社,
シンワネット株式会社,
菊池建設株式会社,
株式会社Lib Work,
舞鶴市役所,
株式会社ベストハウス,
sucle,
後藤組設計室,
流通経済大学,
ココザス株式会社,
新潟ヒロタカデザイン事務所,
株式会社三輪設計,
株式会社小島工作所,
NU:A,
ニッカホーム株式会社,
株式会社伊藤喜三郎建築研究所,
本田技研工業株式会社,
スガツネ工業株式会社,
SUEP.,
株式会社藤木工務店,
株式会社ハナコ不動産,
株式会社ワンクルーズ,
日宣広告株式会社 等,
1’s Company株式会社,
ANRI株式会社,
株式会社ぷららネットワークス,
OLT LD,
学校法人明星学苑,
VISIOAL,
株式会社池田建設,
SANDWICH,
SAdh,
株式会社プラナス,
YAE,
株式会社 安藤建築設計,
三井ホーム株式会社,
株式会社 五井建築研究所,
東京理科大学 研究室系サブドメイン,
川辺直哉建築設計事務所,
株式会社TRD5,
司法書士事務所など「司法」系サイト,
大滝氏個人サイト,
タマホームリビング,
TSUBAKI DESIGN,
エス・ディー・ジー専門学校 等,
株式会社フージャースコーポレーション,
大宝工業株式会社,
三四五建築研究所,
後藤組株式会社,
筑波大学附属坂戸高校グローバル教育等,
株式会社ワンイット,
学校法人21世紀アカデメイア,
株式会社マエダハウジング,
八木建設株式会社 等,
三和設計株式会社,
株式会社波多野工務店,
エックスサーバー株式会社,
mizuiro architects 一級建築士事務所,
吉澤建築設計事務所株式会社 等,
SD建築,
朝日学園中等部・高校 等,
株式会社買取商店,
幸田商店株式会社,
株式会社ARM,
株式会社松下設計,
神奈川県教育委員会,
株式会社ナリコー,
タカラスタンダード株式会社,
レジデントファースト 株式会社,
株式会社翔山 等,
竹富町立学校,
新潟医療福祉大学,
相模女子大学,
プロバイダ系ドメイン,
株式会社ティーアーキ,
株式会社スコープ,
株式会社アークル,
POCHI PLAN,
株式会社LAD,
学校法人純心学園 鹿児島純心女子短期大学,
ACTUAL株式会社,
THE ON JAPAN,
学校法人 京都美術工芸大学,
株式会社グッドグリーン,
Teshio Tsunan,
伊藤忠都市開発株式会社,
有限会社北麓,
田中建築設計事務所,
茨城県立石岡第二高等学校,
SUNSET & SEA,
山陽小野田市立の学校,
医療法人社団善光会 等,
株式会社シーズホールディングス,
個人サイト,
ひかりハウジング株式会社,
イワクラゴールデンホーム株式会社,
WISE70,
橘大学 学生ドメイン,
株式会社日立製作所,
株式会社協和コーポレーション,
株式会社FRAMELUNCH,
株式会社HIVE,
山根木材株式会社 等,
Digimarl株式会社,
FISM株式会社,
夢企工,
株式会社 久米設計,
参天製薬株式会社,
STホールディングス株式会社 等,
newmo株式会社,
田中土建工業株式会社 等,
株式会社うららか,
Alternative Port,
株式会社ホームラボ,
セイコウ株式会社 等,
DYADS DESIGN,
DEF BAUM,
ジェイアール西日本コンサルタンツ株式会社,
信州大学,
株式会社和興,
WOODS COMPANY,
新光社株式会社 等,
日本マイクロソフト株式会社,
野本ホームズ株式会社 等,
株式会社ワールドワイドネット 等,
株式会社フロンティアインターナショナル,
共立建設/共立不動産等「共立」系,
ROVER ARCHI,
R免震,
鷲津建設株式会社 等,
昭和建設株式会社 等,
ウィンドワードジャパン株式会社,
坂茂建築設計,
株式会社トリドリ,
高知工業高等専門学校,
イオンペット株式会社,
レイメイ藤井株式会社,
丸尾建設株式会社,
HOUSE M21,
越山工務店/越山建設 等,
株式会社ローランズ,
PLUS WORK,
ベイクロスマーケティング株式会社,
東光建設株式会社 等,
PRESTAGE OFFICE,
フェリアホーム株式会社,
SALVAGE PRO,
生駒グリーン・サービス,
株式会社リビングコンシェル,
Arpel Arcturus,
株式会社YATA,
アークランズ株式会社,
阿南工業高等専門学校 等,
鎌形建設株式会社,
株式会社K-TEKT,
株式会社 消費者工学研究所,
自然縁,
竹島組株式会社,
株式会社日本マネジメント開発研究所,
TKN-F,
THE ROOM,
桂飯田建築設計等,
さくらインターネットのホスティング,
営善株式会社,
ボーダレス・ジャパン株式会社,
北野建設株式会社,
学校法人三愛学園 等,
内藤建設株式会社,
コーワ化成株式会社,
東京組株式会社,
株式会社ライフデザイン,
東日本旅客鉄道 株式会社,
STTA P,
Lifit Home株式会社,
株式会社京屋,
株式会社ISM,
株式会社ガーデン光房,
OFFICE B,
田熊設計/TAGMASAブランド等,
A-Z ARCHITECTS,
株式会社アールエムプランニング 等,
株式会社BARREL,
のれん会,
株式会社K's nova,
学校法人仙台育英学園,
株式会社ゼンプラス,
DXHR株式会社,
株式会社イデアプラス,
開誠株式会社,
株式会社センリス,
株式会社PDSコーポレーション 等,
KINKOU,
HILL DESIGN STUDIO,
青山商事株式会社,
株式会社光城精工,
株式会社ハウズスタイル,
オンテック株式会社 等,
ユニテハウス,
株式会社ネオプロジェクト,
株式会社エイ・シームジャパン,
法政大学 学生用ドメイン,
AIESEC International,
「学校情報サイト」等ポータルドメイン,
株式会社森住建,
国立大学法人長崎大学,
株式会社エスエン,
株式会社吉野家,
株式会社Wiz-U 等,
株式会社レッグス,
国立大学法人宮城教育大学,
国立大学法人岡山大学,
株式会社ゴーイングホーム,
羽村市役所,
株式会社一条仙台,
学校法人日本福祉大学,
清水建設株式会社 関連,
学会・NPO等の情報サイト,
和光市,
株式会社ソネットメディアサービス,
大昭工業株式会社 等「大昭」系,
エス・メイバン,
株式会社ACLIVE,
末広孝明,
TPパック株式会社,
株式会社アセットリード,
写真家・デザイナー「高木修太」さん個人サイト等,
スウェーデンハウス株式会社,
株式会社ランドコミューン,
WITHDOMグループ,
湯~とぴあ,
椙山女学園,
オーダーキッチン株式会社,
株式会社グーチョキパース,
酒井正樹さん個人サイト,
アクトセブン一級建築士事務所,
WASABIS,
シロケン,
株式会社a.d.p,
日本鱗翅学会,
有限会社アトリエ後藤建築事務所,
ザイスタジオ株式会社,
CODA Design Studio 等,
TOKUDA WORKS,
Naka-River DesigN合同会社,
イトミツ建設株式会社,
花岡徳秋建築設計事務所,
遼設計室建築設計事務所,
望月建築アトリエ,
株式会社世界社,
株式会社ジザイエ,
Assured Health Inc.,
学校法人角川ドワンゴ学園,
西尾設計株式会社,
三井不動産レジデンシャル株式会社,
株式会社ワールド,
Imaginepersecond/Imagine Per Second,
CUBO design architect,
株式会社KH-GROUP,
ベンダーネット株式会社,
アマゾンジャパン合同会社,
アサヒグローバル株式会社,
株式会社アトラスコード,
所沢市立/所沢学園などの学校,
尼崎市教育委員会,
小値賀町立の学校,
豊前市,
枚方市教育委員会,
SUTE,
丸和建設株式会社,
ブレインファーム株式会社,
有限会社ヒルズファクトリー,
日装/日創などNISSO系,
株式会社メディコル,
株式会社リノベース/RENOVACEブランド,
株式会社ヤモリ,
株式会社オフィスネット,
株式会社エドケンハウス,
株式会社スタジオ・ノア,
株式会社エサキホーム,
株式会社アーキーズ,
鉄平,
事業主,
法政大学大学院,
早稲田大学建築学科,
KKAA,
フロイド,
株式会社F'LOYD,
株式会社ヨシモトアソシエイツ,
東海大学大学院 工学研究科建築土木工学専攻 野口直人研究室,
NTTアーバンソリューションズ総合研究所,
株式会社POLA ブランドデザイン部,
B1D,
gensler,
株式会社InfiniD,
芝浦工業大学院,
Grace&Co. Inc.,
日比野設計,
キュレーションズ株式会社,
CY,
博報堂プロダクツ,
株式会社伊東豊雄建築設計事務所,
monowa,
株式会社石嶋設計室,
三菱自動車工業,
株式会社TRUNK,
株式会社TRUNK アトリエ,
積水ハウス株式会社三重支店,
創成窪田株式会社,
無所属 フリーター,
株式会社ノット,
東京大学大学院,
かたち,
株式会社大林デザインパートナーズ,
株式会社ヒトバデザイン,
https://hitoba-office.com/,
EMOSHI,
株式会社奥野設計,
G architects studio,
日本設計,
日本大学院 理工学研究科 海洋建築工学専攻,
tsumuji,
株式会社ニューユニークス,
商店建築社,
"ANETTAI CO., Lts",
工学院大学工学研究科修士課程建築学専攻1年,
工学院大学大学院,
NOIZ,
伊藤建築都市設計事務所,
株式会社FIND,
マスタード,
クリーチャー株式会社,
株式会社ドラチェ,
東北文化学園大学,
株式会社タケベ,
株式会社ケン・プロパティマネジメント,
株式会社中村不動産開発,
株式会社ウッディワールドのざき,
株式会社オフィスコム,
信和不動産株式会社,
株式会社イエヒト,
株式会社ひなたや,
株式会社IDCフロンティア,
Mapua University,
SOMPOケア,
平倉建設株式会社,
エンワールド ジャパン 株式会社,
株式会社 クラフティア,
東邦レオ 株式会社,
株式会社 NTTデータビジネスシステムズ,
ユニワールド,
トランスコスモス 株式会社,
シャープマーケティングジャパン株式会社,
株式会社ライフ プランニング,
シンサイト,
Plus Insight株式会社,
株式会社 オリジン,
SBペイメントサービス 株式会社,
株式会社スペースリー,
株式会社 コラビット,
サムライ・キャピタル 株式会社,
三機工業株 株式会社,
Premium Innova,
株式会社HBD,
株式会社 itte,
Astro Fort Holdings Pty Ltd,
永山土地株式会社,
リーテックス株式会社,
株式会社リアライズマネジメント,
価値住宅株式会社,
株式会社タイアップ24,
株式会社 山一地所,
Queensway Builder and Supply Co Inc.,
藤田石装 株式会社,
株式会社 タイムインターメディア,
ユニビジョン,
株式会社山口不動産,
伊藤忠建材株式会社,
SBIエステートファイナンス 株式会社,
グッドシステム,
ナカテクノメタル株式会社,
長田通商株式会社,
株式会社島田商会,
Almeco SpA,
株式会社 JR東日本建築設計,
GOGEN 株式会社,
アーキコンシェルジュ一級建築士事務所,
NTT-ATエムタック株式会社,
つくるAI株式会社,
Immo Konrad GmbH,
ライズ株式会社,
三菱HCキャピタル,
Okur İnşaat,
第一不動産株式会社,
株式会社 NTTデータNJK,
ThinkPods Pty Ltd,
植松建興株式会社,
NTT都市開発株式会社,
株式会社ストラクス,
Tonichi perfect llc,
銀座プランニング株式会社,
モラブ阪神工業株式会社,
株式会社セミテック,
井上商事株式会社,
イグニションポイント,
株式会社トライアングル,
株式会社 トーケン,
ナノオプトメディア,
テクノハンズ,
株式会社猛建設,
福島製鋼株式会社,
株式会社スマートクリエイティブ,
株式会社カカクコム,
Convi Industries Supply Pte Ltd,
ビーム電子工業 株式会社,
株式会社キムラ,
株式会社 さら,
mooof,
フジ住宅株式会社,
SynapSpark株式会社,
エイム 株式会社,
柏井建設 株式会社,
株式会社小野庄商事,
サカセ・アドテック 株式会社,
株式会社ジェスコ,
グラフィソフトジャパン株式会社,
リビン・テクノロジーズ 株式会社,
トピー工業株式会社,
森建設 株式会社,
三谷産業株式会社,
Steel Line LLC,
株式会社アディックス都市建築設計事務所,
ナイスユニテック,
翔洋LABO合同会社,
Sansan 株式会社,
株式会社SAMI Japan,
Trenser Technology Solutions (P) Ltd,
杭州行至云起贸易有限公司(LifeSmart株式会社),
笹木産業株式会社,
松永都市開発 株式会社,
ポラス株式会社,
株式会社 クロスハウス,
NTY不動産開発株式会社,
大成温調株式会社,
株式会社 アサンテ,
藤原建設株式会社,
一般財団法人千葉県まちづくり公社,
株式会社FYC,
ビーウィズ 株式会社,
一般財団法人ベターリビング,
株式会社三越伊勢丹,
セイコーソリューションズ株式会社,
MIRARTHエナジーソリューションズ 株式会社,
Casie,
株式会社アクチュエス,
株式会社小田急箱根,
日本ケンタッキーフライドチキン株式会社,
株式会社北川鉄工所,
大友産業株式会社,
千歳ファシリティーズ 株式会社,
株式会社 共同通信イメージズ,
ピーディーシー株式会社,
株式会社LifeStory,
MGL E and C,
株式会社小田急SCディベロップメント,
野村不動産パートナーズ株式会社,
Schedio Architects,
山九株式会社,
株式会社アゴラステーション,
株式会社アンビテックデザイン,
AIマネー大学株式会社,
株式会社アイビーリンクス,
株式会社パワーディベロップメント,
株式会社アイプラフ,
合同会社発想社,
株式会社エスティナ,
Lime株式会社,
株式会社エム・ジェイホーム,
公益社団法人日本不動産鑑定士協会連合会,
株式会社マーキュリー,
"DOLPHIN TOILET PARTITION CO.,LTD",
株式会社 レシアスコーポレーション,
株式会社 ネオス,
株式会社 姫野組,
小田急不動産 株式会社,
株式会社 三木,
Datadog Japan合同会社,
TSP太陽株式会社,
デックス 株式会社,
M.YORK Ashiya(Tokyo),
株式会社 富士山マガジンサービス,
株式会社 イデア,
大信東京合同会社,
株式会社RETRUS,
株式会社AMATUHI,
Propadvisors,
Malu Wires,
株式会社ブリッジスマイル,
株式会社リオコンサルティング,
東芝プラントシステム株式会社,
鉄建建設 株式会社,
株式会社 ゴール,
デルタ電子 株式会社,
ニチハ株式会社,
大栄産業株式会社,
一建設株式会社,
カシワバラコーポレーション,
RE不動産株式会社,
株式会社タッケンシー,
デジタルインフォメーションテクノロジー株式会社,
京璽文化メディア,
大中ビルド 株式会社,
株式会社リアンコネクション,
Treee株式会社,
株式会社 ドコモ・インサイトマーケティング,
株式会社マリモ,
清和綜合建物株式会社,
株式会社URコミュニティ,
株式会社トーラス,
株式会社 久保電機,
TSUCHIYA 株式会社,
住友商事株式会社,
株式会社Felicity Capital,
"Homedant co., ltd",
Kikutani Design,
University of Tokyo,
ミサワホーム不動産 株式会社,
株式会社ニチレイ,
Sumica,
株式会社 Andeco,
株式会社Findix,
百年住宅西日本 株式会社,
DESIGN192株式会社,
旭化成設計株式会社,
W CREATIVE 株式会社,
谷原建設 株式会社,
東京建築検査機構,
日比谷総合設備株式会社,
株式会社 COCOO,
オープン株式会社,
楽待株式会社,
三菱ケミカルインフラテック株式会社,
株式会社 ログラス,
株式会社impactTV,
早稲田フロンティアマインド株式会社,
大木開発株式会社,
マザーセキュリティ 株式会社,
ダイキン工業,
イオンディライト株式会社,
松竹株式会社,
株式会社 スマレジ,
VMT Solutions,
株式会社 菅文,
株式会社ジェイシーアイ,
Joyco Construction & Equipment Services,
株式会社ダブルスタンダード,
株式会社 ラックランド,
ASC社会保険労務士法人,
株式会社JTB,
the workshop 株式会社,
株式会社エイブル,
株式会社バディネット,
アイテック阪急阪神 株式会社,
陸上自衛隊大和駐屯地,
株式会社 津路建築事務所,
株式会社トレックス,
有限会社ミキハウンジング,
ミネベアミツミ株式会社,
株式会社 オギノ,
株式会社 KREST,
株式会社ウルテック,
ナイスアセット株式会社,
公益財団法人 日本住宅・木材技術センター,
株式会社TMJ,
"NORI C.F.CO.,LTD.",
振興電気株式会社,
グローバルリンクマネジメント,
有限会社ひかり住販,
株式会社カクシン建設,
阪急阪神ビルマネジメント 株式会社,
仁デザイン株式会社,
building doctor,
株式会社イチネン製作所・株式会社第一精工舎,
株式会社WANDY,
株式会社GRE Management,
株式会社JR博多シティ,
株式会社翔栄,
ヒトロボ 株式会社,
TOTO株式会社,
ククレブ・アドバイザーズ 株式会社,
aipuls'ai 合同会社,
関東技術事務所,
たぐーる,
株式会社パナソニックシステムネットワークス開発研究所,
株式会社 プランテック,
株式会社kawatec,
株式会社 山下PMC,
STUDIO62,
パナソニック コネクト,
Raon Architects Office,
積水ハウスイノベーション&コミュニケーション株式会社,
オンワ株式会社,
株式会社住環境計画研究所,
光が丘興産 株式会社,
イニシャル,
株式会社山田製作所,
株式会社ハウテック,
LINEヤフー株式会社,
三井住友銀行,
KAFD - KING ABDULLAH FINANCIAL DISTRICT,
アンダーツリー株式会社,
富士通不動産 株式会社,
株式会社YKY,
住友生命保険,
株式会社パルコ,
キャル株式会社,
株式会社アドグローブ,
理想科学工業株式会社,
株式会社東京朝日ビルド,
株式会社トライ建設,
King Abdullah Financial District,
公益財団法人 しまね産業振興財団,
株式会社トプコン,
株式会社 エル・スタイル,
サイエンスパーク 株式会社,
株式会社 パトス,
有限会社ムトウインフォメーションサービス,
アーバンクリエイト,
りそな銀行,
株式会社藤代工務店,
株式会社エイチジェイ,
西武建設株式会社,
蕗空株式会社,
株式会社カムテイ,
株式会社 藤田建装,
今井商事,
有限会社エフプランニング,
LMA株式会社,
月島JFEアクアソリューション株式会社,
アイケーユーアーキテクトオフィス,
株式会社 建設ITワールド,
株式会社Homie,
株式会社USEN REALTY,
三菱造船株式会社,
みのる産業 株式会社,
株式会社グリーンズ,
株式会社,
株式会社 創翔,
株式会社じゃがいも,
株式会社日立プロパティアンドサービス,
福博機工株式会社,
KIAトラスト株式会社,
株式会社三友システムアプレイザル,
中電不動産株式会社,
日本テクノ 株式会社,
株式会社アルファクロス,
ケネディクス プロパティ デザイン株式会社,
Ascend Building Solutions Inc.,
株式会社 日本空調北陸,
株式会社不二興産,
一級建築士事務所 宮本建築設計室,
日精株式会社,
株式会社安藤・間,
日下部機械株式会社,
有限会社 古木工務店,
MSアンドADビジネスサポート株式会社,
株式会社CHAIN WAITER,
ニューブレイン株式会社,
Chetna Paints Pvt Ltd,
株式会社GENERAL,
一級建築士事務所カクオ・アーキテクト・オフィス,
株式会社イトコー,
K-B,
株式会社moty,
株式会社サンワシステム,
北沢産業株式会社,
株式会社Mobitect,
株式会社日本経済広告社,
富士電機株式会社,
株式会社フューチャーイン/三幸電子株式会社,
清水建設岡山地区災害防止協議会,
"King The Land Consulting Co.,Ltd.",
株式会社シーフォーデザインレーベル,
テクノ建設サービス,
株式会社AinaPlan,
インベスコ・グローバル・リアルエステート・アジアパシフィック・インク,
株式会社MW,
株式会社スタッグ,
株式会社 読広クロスコム,
東京ステーション開発株式会社,
株式会社スタイルフリー,
プライム・スター 株式会社,
岡田電気産業株式会社,
相互住宅,
SCSK株式会社,
株式会社アーキスト,
有限会社 建匠,
アズビル株式会社,
そのデザイン株式会社,
株式会社 パルコスペースシステムズ,
CMS Ecopro Pte Ltd,
関東ポリテクセンター,
独立行政法人 ポリテクセンター関東,
合同会社ソネット,
株式会社SHiRO,
DAIKEN株式会社,
株式会社CMCエクスマニコム,
株式会社 丸菱ホールディングス,
株式会社 丸菱関東販売,
獨協大学,
Cloudflare Japan株式会社,
BAYERN INTERNATIONAL GMBH,
拓殖大学,
株式会社 アーデル企画設計,
株式会社 スピードリンクジャパン,
株式会社レッドビジョン,
柏倉建設株式会社,
不二ライトメタル 株式会社,
株式会社 原工務店,
株式会社 内田新建材センター,
primeNumber,
株式会社Jam,
JR東日本ビルテック 株式会社,
株式会社 スムトコ,
株式会社DESIGNSHIP,
村木プロパティサービスイノベーションラボ,
ソウルコネクション株式会社,
Jay Films,
株式会社Joh Abroad(ジョーアブロード),
nCircle Tech Pvt. Ltd.,
株式会社アート,
ナカタニキャピタルマネジメント株式会社,
株式会社アイフラッグ,
Harmonic House Entertainment,
株式会社 ゴールドクレスト,
シェルリビング 株式会社,
株式会社WHERE,
綿半ソリューションズ株式会社,
レジデンス持田管理有限会社,
三協立山株式会社,
株式会社ログハウス プランニング,
株式会社ウッドワン,
株式会社 STUDIO55,
新生インベストメント&ファイナンス 株式会社,
九州旅客鉄道 株式会社,
GMOイプシロン株式会社,
日建設計コンストラクションマネジメント株式会社,
"DSP Co., Ltd.",
NTTインフラネット株式会社,
トヨタホーム東京 株式会社,
株式会社 アスノエンジニアリング,
りそな総合研究所,
株式会社 Hubble,
富士瓦斯株式会社,
大豊産業株式会社,
株式会社LASSIC,
マネーマネジメント,
高橋カーテンウォール工業 株式会社,
NTT西日本 四国支店,
株式会社 estie,
リモデラー 合同会社,
株式会社三宅デザイン事務所,
株式会社 金城キク建設,
光ヶ丘興産 株式会社,
南海電設株式会社,
株式会社アイシー,
ヤング,
株式会社Buycull,
株式会社ヤマトクリエイション,
株式会社EVC,
株式会社淺沼組,
日本通運株式会社,
株式会社 サンユー印刷,
ACE INVENTOR inc.,
TOTO株,
MHIパワーエンジニアリング 株式会社,
TKアセットマネジメント,
株式会社 コプラス,
有限会社トライ,
十 ジュウ,
Live to Relief株式会社,
株式会社エコラ,
三井物産都市開発 株式会社,
株式会社鉄人エンタープライズ,
浅野工学専門学校,
東亜建設 株式会社,
日研トータルソーシング 株式会社,
トグルホールディングス,
MEホールディングス株式会社,
札幌中野冷機株式会社,
株式会社 タスキ,
株式会社 CG工房,
ピクシーダストテクノロジーズ 株式会社_40-29,
ネクスティエレクトロニクス,
株式会社 SARA,
芝工業株式会社,
学校法人東京理科大学,
三菱UFJ不動産販売株式会社,
株式会社 光建,
株式会社彩ホームプランニング,
Ankara Metal Products Exporters Association,
InventiveBox,
三井デザインテック 株式会社,
株式会社 エストレージ,
鳥取県立倉吉農業高等学校,
東京不動産管理,
エコハウス岡山,
株式会社 コスモユニオン,
日本環境アメニティ 株式会社,
株式会社 IPPO,
株式会社ベストライフ・ホールディングス,
行政書士松田篤事務所,
住友不動産,
DUC Real Estate株式会社,
ヤマハ株式会社,
株式会社橋本組,
Tokyo Gas Real Estate Australia,
阪神高速道路 株式会社,
一般社団法人スマートビルディング共創機構,
株式会社アセットホーム,
"Peak rock green development Pte.,LTD",
ミサワホーム株式会社,
株式会社 ヒューモス,
東神開発 株式会社,
大鉄工業株式会社,
株式会社 新建築,
ODGR,
エルスピートリアルティ株式会社,
株式会社安田屋,
株式会社マナテック,
匠堂 合同会社,
オリックス株式会社,
パナソニックハウジングソリューションズ株,
株式会社 渡辺建築事務所,
株式会社KOO Associates,
株式会社ルック,
株式会社 CGworks,
ブルームインターナショナル 株式会社,
株式会社 KOTOcamp,
HAKUBA PARTNER株式会社,
日産クリエイティブサービス,
株式会社サンテン・コーポレーション,
株式会社アルテクス,
株式会社明電舎,
株式会社 矢島不動産管理,
インテリジェントフォース,
室内環境アドバイザー,
株式会社 スタジオブロス,
ツナガルデザイン株式会社,
パシフィックコンサルタンツ,
UAB LABORATORINIU BANDYMU CENTRAS,
富士フイルムイメージングシステムズ株式会社,
株式会社 桂設計,
株式会社 JR九州,
株式会社 パリシャ,
株式会社利根建設,
株式会社yudaneru,
旭化成株式会社,
株式会社 鳥屋野不動産,
ROファシリティーズ株式会社,
株式会社Ark,
トヨタホーム名古屋 株式会社,
株式会社みちのく管材,
佐田建設 株式会社,
株式会社インヴァランス,
三井住友信託銀行,
有限会社 阿弥陀不動産,
OOID LTD.,
シナネン株式会社,
株式会社エスワイエス,
高井産業株式会社,
東邦ガスエナジーエンジニアリング 株式会社,
株式会社アルファパーチェス,
加賀テクノサービス株式会社,
株式会社豊裕工業,
JFEエンジニアリング株式会社,
Terano AI,
岡本,
株式会社総合車両製作所,
TRUSTART 株式会社,
株式会社HIRANUMA,
株式会社 アスクテクニカ,
三井不動産レジデンシャルサービス 株式会社,
株式会社日本触媒,
オリックスファシリティーズ株式会社,
広成建設 株式会社,
Kind Lead 工業株式会社,
田中商事 株式会社,
東邦建工 株式会社,
Malu United合同会社,
株式会社長谷工アネシス,
SREホールディングス株式会社,
株式会社説田屋根工業,
株式会社 エム・エス・ビルサポート,
株式会社 神威,
NTTテクノクロス株式会社,
株式会社デューデリアンドディール,
セキスイハイム不動産,
日本メックス株式会社,
エステラ,
大境不動産株式会社,
株式会社ウッドデザイン,
飯野海運株式会社,
株式会社 LogProstyle,
青木あすなろ建設株式会社,
西新サービス株式会社,
Korea Central Public Agency for Social Service,
株式会社鈴江,
株式会社 NFリアルティ,
SWODA株式会社,
丸宮建設株式会社,
株式会社サードパーティ,
日本商事株式会社,
日清紡マイクロデバイス 株式会社,
プルデンシャル生命保険株式会社,
幸明建設 株式会社,
トヨタ紡織株式会社,
株式会社KAMIYA,
文京住販 株式会社,
中央建設株式会社,
合同会社アップデートフォーエバー,
イシグロ株式会社,
株式会社ザイマックスデジタル,
ATMECS Japan K K,
水ingエンジニアリング 株式会社,
ビズキューブ・コンサルティング株式会社,
シビュラ株式会社,
株式会社 アドバンス・シティ・プランニング,
オーナーズビジョン 株式会社,
株式会社 OPM,
株式会社ホタルクス,
penta global ltd.,
株式会社 JDSC,
株式会社 フレッシュタウン,
無し,
株式会社 空ディメンジョンズ,
エプソンアヴァシス株式会社,
環境装備 株式会社,
株式会社NTTドコモ,
三菱電機エンジニアリング株式会社,
tms,
ナックハウスパートナー株式会社,
株式会社 松永建設,
株式会社 スクラムベンチャーズ,
Brothers & Co. 株式会社,
伊藤忠テクノソリューションズ株式会社,
萩原建設工業 株式会社,
Sky 株式会社,
有限会社グリーンハウジング,
Wavyroom Inc,
株式会社 ニトムズ,
KOUSUKE(ド,
SC Nova Space合同会社,
株式会社 遠藤照明,
株式会社パスコ,
産業リーシング 株式会社,
株式会社 長谷工管理ホールディングス,
株式会社 日本メタルワークス,
三菱倉庫株式会社,
一誠商事 株式会社,
ミタニ建設工業 株式会社,
シグマリアルエステート株式会社,
大连味之母酿造食品有限公司,
ピー・エム・ソリューション 株式会社,
スターツアセットマネジメント 株式会社,
住友商事マシネックス株式会社,
株式会社アーバンスペース,
パナソニック環境エンジニアリング,
株式会社 ヤプリ,
飛馬建設株式会社,
日本たばこ産業株式会社,
株式会社 アクティブリテック,
あしたラボラトリー,
NTTアーバンバリューサポート 株式会社,
リアルスター株式会社,
NEWWAVE SOLUTIONS 株式会社,
株式会社 Facilo,
株式会社フェイスネットワーク,
株式会社Authentill Style,
株式会社 IDAJ,
富士フイルム 株式会社,
アップツ・ドット・ジェイピー株式会社,
ナイス株式会社,
株式会社トラスト,
株式会社 光ワークス,
株式会社オンワードコーポレートデザイン,
SWS,
株式会社 高電社,
株式会社ルムカン,
株式会社 LIFULL,
横浜ウィークリー 株式会社,
株式会社ボルテックス,
株式会社 レイシャス,
MABコンサルティング,
ホーチキ株式会社,
株式会社 光紀,
興和不動産ファシリティーズ,
アシオット株式会社,
株式会社クラウドナイン,
株式会社 ナウキャスト,
LUXOR,
"Kendall Technology Co., Ltd.",
株式会社キムラタン,
株式会社エディオン,
株式会社紀伊國屋書店,
京王建設株式会社,
株式会社リバイブビルド,
株式会社DaN,
アビホ,
阪急阪神不動産 株式会社,
株式会社AMDlab,
株式会社 エミヤホールディングス,
うららか不動産株式会社,
株式会社 ホームズ,
株式会社大丸不動産,
札幌駅総合開発株式会社,
株式会社植松グループホールディングス,
株式会社 レックアイ,
株式会社グランドデザイン,
株式会社 川島織物セルコン,
株式会社プローバホールディングス,
Bouygues Asia 株式会社,
株式会社WAKA,
株式会社エイムプレイス,
大京穴吹不動産株式会社,
株式会社a-tech,
株式会社日本情報マート,
イーシームズ株式会社,
株式会社柏斎苑,
株式会社本間組東京支店,
東京メトロ都市開発 株式会社,
株式会社 ヨネダ,
東渡キャピタル株式会社,
トラストパートナーズ株式会社,
株式会社リサ・パートナーズ,
(公社)岡山県宅地建物取引業協会,
前田建設工業 株式会社,
株式会社おきなわアセットブリッジ,
株式会社 エスコンリビングサービス,
株式会社ルミネ,
パナホーム山梨,
Act Amuse Japan 株式会社,
株式会社 丸本組,
株式会社Prossimo,
株式会社ビッグビート,
有限会社ランドワークス,
株式会社 鎌田鈑金工業,
クルヴァ株式会社,
株式会社アズーロ,
株式会社グローリア・ライフ・クリエイト,
長崎空港ビルディング株式会社,
株式会社 フクダ・アンド・パートナーズ,
株式会社三菱総合研究所,
株式会社 斎藤不動産,
株式会社ReGo,
ジケイ・スペース株式会社,
株式会社東洋生興,
ジェイアール東海コンサルタンツ株式会社,
シックストゥリーズ合同会社,
株式会社 セゾンリアルティ,
株式会社アービックジャパン,
相鉄不動産販売株式会社,
株式会社SYY,
株式会社新東通信,
GeoX.ai,
株式会社 ビジブル,
ムサシノ工芸,
株式会社REデザイン,
(仮) [会社名不明],
Metricon株式会社,
くらし研究室の取引,
フロアマイスター株式会社,
ヒューリックプロパティソリューション株式会社,
株式会社グッドライフ,
株式会社 建築資料研究社営業本部 システム事業部,
グローバルハウス株式会社 設計部,
madori設計(佐藤 秀匡),
KN一級建築士事務所 守屋 守屋 興輔,
板倉庸介一級建築士事務所,
有限会社 めかる設計,
髙屋 一郎,
積水ハウス建設ホールディングス株式会社,
モノコトデザイン株式会社,
株式会社MUSASHI 小山営業所,
株式会社 カネタケ建設,
堀住建株式会社,
アバカス建築研究所 一級建築士事務所,
株式会社 住家,
郡建設株式会社,
株式会社 野村建設工業,
ou2株式会社 総務部,
広島八谷建設株式会社,
株式会社 OSCAR,
創スペース株式会社,
新日本ホームズ株式会社 本社,
株式会社 大豊設計事務所,
有限会社 犬飼建設,
富士産業株式会社,
株式会社 TOKAI リフォーム営業部,
株式会社 KeiDesignBase,
株式会社 ナンバホーム,
株式会社 弘設計事務所,
悠建築工房株式会社,
株式会社 南洲建設,
加藤建設株式会社,
アネックス・ホーム,
株式会社 大庭工務店,
株式会社 住まいのクワザワ,
サンヨーリフォーム株式会社,
株式会社 アイワホーム,
株式会社 佐藤不動産,
上村建設株式会社 リニューアル事業部,
株式会社 エールコーポレーション,
有限会社 アビリティーホーム,
住まいるラボ株式会社,
パナソニック アーキスケルトンデザイン株式会社,
株式会社 HANA,
株式会社 ルーク・リアルエステート,
株式会社 富建,
興和流通商事株式会社,
株式会社 アークヒロ設計,
株式会社 とやまアイホーム,
株式会社 シーズ不動産販売,
カマタ設計,
有限会社 仲田工務店,
ナカケンホーム株式会社,
阿部建設 MY NO.1 HOME,
ミサワホーム北越株式会社,
株式会社 土屋ホーム,
株式会社 Connect Design,
株式会社 ホーム企画センター,
株式会社LIXILトータルサービス LIXILリフォームショップ LTS 恵比寿店,
有限会社 泉屋建設,
インベイックス株式会社,
章和ホーム株式会社,
株式会社 トータテホールディングス,
西部ガスリビング株式会社,
株式会社 アーバンプランニング,
メゾンデザイン工房株式会社,
株式会社 高勝の家,
株式会社 グランビル,
有限会社 本高建設,
有限会社 カワバタ建設,
ミサワホーム北越株式会社リフォーム事業部設計課,
有限会社 キャナックス,
クレールハウスビルド株式会社,
ミサワリフォーム関東株式会社,
株式会社 lefuDesign,
株式会社 アネシス,
株式会社 田島建設,
株式会社 石川組,
株式会社 ハウズ,
敷島住宅株式会社,
株式会社 松井建設,
株式会社 Y・K・Tプロジェクト,
株式会社 三和木 New one 事業部,
合同会社 莉楽,
株式会社 小林,
株式会社 コバヤシ工業,
株式会社 エストホーム,
株式会社 ウィルハウジング,
株式会社 アリスト,
株式会社TOPHOME,
株式会社 ミツワ都市開発3階住宅事業部,
株式会社 井戸川建築,
株式会社 根路銘設計,
株式会社 住宅資材センター,
株式会社 大成開発,
リアルワークス有限会社,
正栄産業株式会社,
株式会社 サマデイ,
株式会社 熊木住建,
株式会社 ライズ湘南,
タカノホーム株式会社,
株式会社 リキュー,
株式会社 谷崎建設設計事務所,
株式会社 福地組,
ディレクト株式会社,
株式会社 LIXIL住宅研究所,
有限会社 アトリエアキラ,
大東建設株式会社,
モリジュウ株式会社,
JR九州住宅株式会社,
株式会社 トラストホーム,
株式会社 太陽ホームズ,
株式会社 LIXIL住宅研究所 DX推進部 國本 和成,
株式会社スタッド,
株式会社 エコハウス,
アイルホーム株式会社,
株式会社 やましげ,
ダイワレジデンス株式会社,
株式会社 ステージ,
有限会社 大嶋組,
株式会社 木族の家,
創建住販株式会社,
ダイヤリックス株式会社,
株式会社 筒井工務店,
建築工房 La Vita,
有限会社 滝本工務店,
株式会社 Machida,
株式会社 キサラギ,
TAKEUCHI株式会社首都圏リフォーム,
株式会社 本所建設,
株式会社 アズマ四国,
静鉄ホームズ株式会社 静岡店,
Atelier if一級建築士事務所,
株式会社あおやま工務店,
有限会社 堺建設,
株式会社 中西工務店,
株式会社RESTA,
有限会社 おばた,
株式会社 鳳設計,
みづほ工業株式会社,
株式会社 スエタカ 海南営業所,
株式会社若林コンサルタンツ,
パズルハウス株式会社,
株式会社 篠原商店,
株式会社 國場組,
鎌田 憲太郎,
株式会社 村上建設,
有限会社 田口,
株式会社 松島組,
井上建設株式会社,
幸和建設株式会社,
株式会社EFFECT,
建築研究所da-vinci,
岡本住建株式会社,
カナツ技建工業株式会社,
株式会社ハウスプラン,
株式会社 KOGA設計,
高波建設株式会社,
アイディホーム株式会社,
積水ハウス建設東京株式会社,
株式会社 和光地所 本社,
株式会社 アイケーホーム,
株式会社 ワタナベ設計,
えふ設計室,
クローバー建築株式会社,
nattoku住宅株式会社,
株式会社 フォレストコーポレーション,
コモドホーム株式会社,
株式会社 オークラハウス,
株式会社 黒沼建築設計事務所,
株式会社 イコーハウス,
エルクホームズ株式会社,
有限会社 良工組,
株式会社 松尾組,
アークホーム 津白塚店,
株式会社 シンエイ,
株式会社 グレート,
株式会社 ジューケン,
ワーク&デザイン株式会社,
有限会社 小又工務店,
心建築工房株式会社,
おかもと建築士事務所,
株式会社 岡山工務店,
スターツホーム株式会社 設計部,
株式会社 サンプロ,
佐藤工務店,
増本建築設計事務所,
リンク architect office 代表者 野原 利一,
株式会社 FORT,
江原住宅設計事務所,
リアライズ株式会社,
株式会社 萩原工務店,
セルコホーム株式会社,
ナガタ建設株式会社,
株式会社 上里建設,
株式会社 弘中建築設計事務所,
中井建設株式会社,
株式会社 エムシーエー建築設計,
株式会社 小林建設,
西甲府住宅株式会社,
株式会社 木の城たいせつ 札幌支社,
株式会社 匠工房,
株式会社 吉建工舎,
株式会社 AVANTIA,
有限会社 所原製材所,
ニノ・リアルティ株式会社,
株式会社BeeVolt,
株式会社 幸住研,
須藤建設株式会社,
株式会社 高栄ホーム,
株式会社 オーリック建設 永代ハウス,
静岡ガスリビング株式会社,
フクダハウジング株式会社,
株式会社 sumarch,
株式会社カントリーヴィレッジ,
古河林業株式会社 本社,
積水ハウス建設上信越株式会社,
フモト建設株式会社,
松田建築設計事務所,
近藤建設株式会社,
株式会社 ミキホーム,
株式会社 Nuホーム,
有限会社 堀江工務店,
株式会社BAUM,
株式会社 鈴木工務店,
河窪建設株式会社,
有限会社 スリーディー,
株式会社 上村工務店,
株式会社 トーヤハウス,
株式会社 板垣組,
蔵建築事務所株式会社,
内保製材,
株式会社 玉善,
株式会社米山住研,
株式会社 小堀建設,
外舘工務店,
株式会社 Solife,
ワイクレスト株式会社(大和ハウス工業協力会社),
株式会社 古舘,
積水ハウス建設東北株式会社,
Pliv,
Kデザイン設計事務所,
株式会社 大創,
bTREE STUDIO,
SAAL,
株式会社 HOPE・創 Life,
梶山建築研究所,
合同会社 clef.建築設計事務所,
株式会社 あすなろ設計事務所,
株式会社 大興ネクスタ,
田内 邦美,
有限会社 平尾建築,
スワテック建設株式会社,
八幡コーポレーション株式会社,
株式会社 Y's Style,
有限会社 ほそや,
ゆう建築事務所,
Ito設計,
株式会社 Under-Rock renovation,
芙蓉建設株式会社,
株式会社 瀬戸内建材,
メイプルハウス有限会社,
株式会社 土屋ホームトピア 本社,
Atsumi建築設計室,
株式会社 徳里産業,
株式会社 長澤工務店,
株式会社 中村工務店,
株式会社 クリエイト住宅,
株式会社むとう工務店,
株式会社アート建工,
J-arc建築設計室,
加藤設計,
錦織建設,
タイコウハウス株式会社,
上田 宏樹,
三輪建築研究所,
和建設株式会社,
相馬建築設計事務所,
むらやまのりこ一級建築士事務所,
doula設計事務所,
株式会社 チュウブ,
稲岡ホーム建設株式会社,
株式会社 ユーホームズ,
株式会社 AU建築設計事務所,
株式会社 山西工務店,
林建住宅株式会社,
株式会社 拓匠開発,
あなぶき・きなりの家株式会社,
株式会社 建吉,
株式会社 朋友商事,
有限会社 田辺製材所,
株式会社 プライムホーム,
ヤナガワ建築設計,
林工住宅株式会社,
キットハウス,
株式会社 益岡工務店,
株式会社 玉家建設 富山支店,
株式会社 ダイトー建設不動産,
株式会社ネクストイノベーション,
株式会社 加藤連合建設,
株式会社 TOKAI 東京本社 ライフソリューション本部,
石友ホーム株式会社,
アーク建設株式会社,
国太建設株式会社,
クラシタス株式会社,
グランライフ株式会社,
住宅保全三重株式会社,
株式会社 二葉産業,
株式会社 宮木建設,
株式会社 WELLNEST HOME,
有限会社 ファインライフ,
住研ハウス株式会社,
出口慎一建築設計事務所,
株式会社 玉家建設,
南海不動産株式会社,
株式会社 いのうえ住宅産業,
アイレストホーム株式会社,
株式会社 家守,
株式会社 木屋長工務店,
新日本建設株式会社,
イワクラホーム株式会社 住宅企画部,
有限会社 共和木材,
合同会社 なおよし,
グローバルホーム株式会社,
株式会社 OTEC,
有限会社 清水住建,
株式会社 ウィズホーム,
ミサワリフォーム関東株式会社建設推進部 建設推進課,
株式会社 ウェルズホーム,
株式会社 駅前工務店,
ウッドライフホーム株式会社,
株式会社 アキトデザイン,
株式会社 英知本社,
株式会社 ネクスト,
藤田工務店,
株式会社 アーバンライク,
株式会社 織建,
いいひ住まいの設計舎,
光陽興産株式会社,
株式会社 住まい・環境プランニング,
株式会社 吉田設計,
株式会社 ひまわりほーむ,
三田実業株式会社,
周藤建築設計,
株式会社 重信工務店,
セキホーム株式会社,
DADAWo design office,
笹野工務店,
株式会社 なんば建築工房,
有限会社 前里工務店,
戸谷 武男,
福田建設株式会社,
hatano建築設計室一級建築士事務所,
株式会社 ノーブルホーム,
株式会社 城戸産業,
株式会社デザインホーム,
さとう建築,
株式会社 アーキトリップ,
株式会社 ササキハウス,
日本工学院北海道専門学校,
株式会社 クラリサス一級建築士事務所,
株式会社フリークス建築設計,
ロイヤルハウス福岡中央店 有限会社イモト,
都出建築,
久松建築設計事務所,
株式会社 HYA,
笹・空間計画,
株式会社 サン・バランス,
株式会社 中井総合建築,
アイ設計事務所,
有限会社アーク,
株式会社グランレックス,
河内長野ガス株式会社,
株式会社 安江工務店 天白店,
株式会社 網代建設,
株式会社 タケシバ建設,
大伸開発株式会社,
アーキテックス株式会社,
株式会社 八木産業,
株式会社 亀井組,
ワイケイホーム株式会社,
橋本興産株式会社,
合同会社 ReBuild,
有限会社 もるくす建築社,
トーリンホーム株式会社,
株式会社 ユーロプランニング,
WAKO HOME株式会社,
株式会社 成建ホ-ム,
若月克枝,
いわさき設計,
ナガメ設計一級建築士事務所,
よつば暮らしデザイン室,
株式会社 ホームスタイルデザイン,
株式会社サンプロ 長野支店,
有限会社 小川工務店,
SO DESIGN株式会社,
有限会社 岡崎建築,
粟飯原 学子,
株式会社 和,
野田建築設計事務所,
合同会社 松匠建築デザイン,
有限会社 松建,
株式会社 ネクサスアーキテクト,
大野設計室,
デザイン工房K 上之園惠子,
株式会社 銘建,
田中工務店,
株式会社 ヤマタケ創建,
株式会社 リビングスペース,
株式会社 マルミヤ工務店,
株式会社 イトウ,
有限会社 ヒロシ建設工業,
株式会社 結城工務店,
大松建設株式会社,
株式会社 タニグチ,
横尾建設株式会社,
有限会社 宮崎建設,
岩野建築,
匠建設株式会社,
昭和木材株式会社,
株式会社 大庄,
那須建設株式会社 山形支店,
株式会社 中部ジェイ・シィ,
ニューハウス工業株式会社,
株式会社 アスティーク,
シティハウス産業株式会社,
株式会社 住研,
株式会社 山口企画設計,
リョーエン株式会社,
タマホーム株式会社 システム部,
株式会社 貞方設計事務所,
株式会社 あなぶきデザイン&リフォーム,
株式会社 リッド,
株式会社 栄信グループ,
株式会社 ダイコク,
芙蓉ディベロップメント株式会社,
アイ・ウッド株式会社,
株式会社 ケンザン,
東京ガスリノベーション株式会社 リフォーム事業部,
株式会社 アップルホーム,
さかい建築工房株式会社,
株式会社 アルフレンテ,
有限会社 栄住建,
有限会社まんてん.,
株式会社 ヤマウラ,
建築設計事務所 九州工房,
積水ハウス建設中部株式会社,
株式会社 たなべの杜,
株式会社 おかやま住宅工房,
積水ハウス不動産株式会社 事業推進部門 戸建分譲技術推進室,
株式会社 キミ建設,
株式会社 まちづくり設計舎,
有限会社 基山建設,
株式会社 パスココーポレーション,
神稲建設株式会社 設計部,
静鉄ホームズ株式会社,
株式会社ライヴィング,
株式会社 トータテリフォームセンター,
西村建設,
有限会社 上西建設,
長崎建設株式会社 イシンホーム PS周南,
ARC HOUSE,
株式会社 パナホーム兵庫,
新興商事株式会社,
サカイ創建株式会社,
株式会社 TSON 東京支店,
コウテイ建設株式会社,
鳥飼建設株式会社,
株式会社 一宮工務店,
株式会社 齊藤建設,
山田建設株式会社,
株式会社 ネクスト‐ライフ‐デザイン,
株式会社 スマイルハウス,
株式会社 ハウステックス,
株式会社 マルヤスコーポレーション,
エムホーム企画,
松江土建株式会社,
株式会社 ワンダーランド,
株式会社 島出建築事務所,
株式会社 和奏建設,
株式会社 吉村大工,
株式会社 エムテック,
建築設計事務所 YOKOO設計,
株式会社 HOME CREATIONS,
水口建築,
中庭住宅株式会社,
YT都市設計,
有限会社 斎藤工業,
株式会社 アデア住宅販売,
株式会社 大村工務店,
株式会社 イソダ,
大知不動産鑑定株式会社,
三光ソフランホールディングス株式会社,
有限会社 野牛嶋建築,
ダイケン住宅,
アースシグナル株式会社,
株式会社 OKUTA,
株式会社 アサミホーム,
カメイエンジニアリング株式会社,
有限会社 工藤工務店,
株式会社 長栄,
株式会社 久仲工建,
株式会社 渡伝組,
有限会社 設計工房アーツ,
亀工房株式会社,
ミサワホーム北越 株式会社 中上越店,
田中住建株式会社,
株式会社 エンタープロ,
株式会社 STW,
川角建築設計事務所,
株式会社 作和一級建築士事務所,
飯島建設株式会社,
株式会社 貝沼建築事務所,
大川建築設計事務所,
株式会社 日建ホームズ,
株式会社ウイング設計,
株式会社アマミホーム,
株式会社 ナミカワ不動産販売,
株式会社ステラボ,
ノベルハウス株式会社,
株式会社さくら総合地所,
株式会社千歳建設,
株式会社田中建設,
京阪電鉄不動産株式会社,
北斗工業エンヂニアリング 株式会社,
西濃建設株式会社,
東宝ハウス調布,
株式会社 未来建築工房,
パル建築設計事務所,
realize,
Phantom株式会社,
梅林建設株式会社,
株式会社小林創建,
トヨタコニックプロ株式会社,
株式会社E・M・LUMBER,
株式会社小河原建設,
ストレッチテント・カンパニー,
東急リゾーツ&ステイ株式会社,
株式会社夢のおてつだい,
関西不動産販売株式会社,
株式会社アースウィンド,
株式会社スタイルテック総合計画,
株式会社トピアホーム,
株式会社建創社,
NOD&W,
荒引工務店,
石山工業所,
神木工務店,
共栄建築,
米谷工務店,
佐藤工務店 1級建築事務所,
株式会社高橋政雄設計事務所,
株式会社豊田工務店,
株式会社水村建築設計,
株式会社六花舎設計,
株式会社MONOplan,
株式会社ノダ,
旭ファイバーグラス,
フクビ化学工業,
株式会社エクセルシャノン,
旭化成建材,
ユアサ商事,
マテックス株式会社,
ジャパン建材,
ディライトホーム 株式会社,
株式会社 Mt Lab,
株式会社 ヨネダ 名古屋支店,
8Y8,
CREATIVETREE,
株式会社コロワイド,
マーケットクリエイティブ株式会社,
Son Thanh,
株式会社ONE HOUSE,
株式会社タウンホーム,
苅田建設工業,
株式会社サンアイ岡本,
柏井建設株式会社 建築設計部,
株式会社アイ・キューブ,
花菱不動産株式会社,
株式会社 東日本朝日株式会社,
株式会社コンセプション,
オフィスナビ株式会社,
デザインスタジオ BOTH SIDES,
文化財保存活用計画株式会社,
株式会社MYAT,
都市再生機構,
株式会社ライフファンド,
立花産業株式会社 FM企画推進部FM営業推進課,
日本アセットアドバンス株式会社,
株式会社MUJI HOUSE,
株式会社日本プロテック,
AURLA,
Egg design works,
AURLA DESIGN,
第一建設株式会社,
軒軒設計一級建築士事務所,
株式会社シータ,
有限会社双建工業,
LOLT,
れん,
ファブリックスアート,
花十色,
HTリフォ株式会社,
株式会社リアルトハーツ,
ろ,
株式会社レイズコーポレーション,
株式会社エー・ディー・ウォール,
相模湖basshouse,
株式会社リビング住販,
株式会社J.フロントプライムスペース,
株式会社フケタ設計,
エムザジャパン株式会社,
株式会社とくら建築設計社,
株式会社佐野修建築設計事務所,
株式会社アークドラフト,
株式会社サン創芸,
Soo-create,
株式会社バトンデザイン,
株式会社ABC店舗,
株式会社ecoaハウス,
株式会社SCREENホールディングス,
国立大学法人北海道国立大学機構北見工業大学,
建設ロボティクス株式会社,
トヨタ自動車株式会社,
小林技術士事務所,
コベルコビジネスパートナーズ株式会社,
一般財団法人 経済調査会,
勝井建設株式会社,
EGWアセットマネジメント株式会社,
株式会社リバスタ,
UBE株式会社,
三井住友カード株式会社,
創建ホーム株式会社,
エアポートメンテナンスサービス株式会社,
徳島県教育委員会,
株式会社イーマックエンジニアリング,
杉本興業株式会社,
フリー株式会社,
ダイダン株式会社,
PwC Japan有限責任監査法人株式会社,
東レ株式会社,
日本ビソー株式会社,
旭化成ホームズ株式会社,
石川建設株式会社,
タマホーム株式会社,
三和シヤッター工業株式会社,
立花産業株式会社,
相立興産株式会社,
国土交通省国土技術政策総合研究所,
株式会社巴商会,
ケイアイスター不動産株式会社,
渋谷スクランブルスクエア株式会社,
コーユーレンティア株式会社,
共和東洋株式会社,
名工建設株式会社,
馬淵建設株式会社,
JFE日建板 株式会社,
株式会社松田平田設計,
株式会社昭栄美術,
東急不動産リート・マネジメント株式会社,
TOPPANエッジ株式会社,
石坂産業株式会社,
ラホヤコーヴ株式会社,
ジェコス株式会社,
大嘉産業 株式会社,
株式会社竹中工務店,
住友林業株式会社,
八潮建材工業株式会社,
彩嶺企画,
国立研究開発法人新エネルギー・産業技術総合開発機構,
株式会社カネヒデ,
&labo.,
MUマテックス株式会社,
日本国際博覧会協会,
星和電機株式会社,
株式会社松藤塗装,
エヌパット株式会社,
長岡鉄筋コンクリート,
株式会社キクテック,
戸田建設株式会社,
カネソウ株式会社,
株式会社 家家具,
TDK株式会社,
三洋工業株式会社,
丸紅アセットマネジメント株式会社,
飛島建設株式会社,
株式会社ハンズ,
若築建設株式会社,
三井不動産エンジニアリング 株式会社,
住友電気工業株式会社,
株式会社総合資格,
コネクシオ株式会社,
日本国土開発株式会社,
積水ハウス・アセットマネジメント株式会社,
株式会社ヨコハウス,
株式会社 フジセキュリティ,
株式会社サーティーフォー,
埼玉建興株式会社,
パナソニック ホールディングス株式会社,
株式会社大方工業所,
株式会社若月木工所,
リョービ株式会社,
仙建工業株式会社,
株式会社 ベイシア,
株式会社ミカミ,
株式会社エイコー,
YKアクロス株式会社,
理研軽金属工業株式会社,
トゥインクルワールド 株式会社,
株式会社穴吹工務店,
一般社団法人 日本塗料工業会,
ジェイアール東海商事株式会社,
日鉄興和不動産株式会社,
株式会社JSP,
DIC株式会社,
株式会社 福田組,
キヤノンマーケティングジャパン株式会社,
PIC株式会社,
ESRIジャパン株式会社,
株式会社DAN都市デザイン,
カネカソーラー販売株式会社,
ゼビオコーポレート株式会社,
日清紡ブレーキ株式会社,
株式会社グリーンクロスホールディングス,
富士通Japan 株式会社,
株式会社 創建,
鹿島建設株式会社,
清水総合開発株式会社,
富士通株式会社,
ヤマハサウンドシステム株式会社,
株式会社アーキエムズグループ,
大和ハウス工業株式会社,
大成建設ハウジング株式会社,
NECファシリティーズ株式会社,
株式会社ライフ,
株式会社プレイド,
東武鉄道株式会社,
菊水化学工業株式会社,
日鉄鋼板 株式会社,
株式会社 トヨタエンタプライズ,
笹徳印刷株式会社,
株式会社JSOL,
藤田電気工事株式会社,
シューコー・ジャパン株式会社,
株式会社 若松組,
パナソニックEWエンジニアリング株式会社,
NTTファシリティーズ,
株式会社OUGIYA,
株式会社コムラエージェンシー,
独立行政法人 都市再生機構,
株式会社LIFEFUND,
OMデジタルソリューションズ株式会社,
堺アルミ株式会社,
パシフィックシステム株式会社,
コイズミ照明株式会社,
株式会社UACJ,
大日本土木株式会社,
西日本旅客鉄道株式会社,
株式会社早川電工,
NTTドコモビジネス株式会社,
郡リース 株式会社,
YKK AP株式会社,
株式会社NTTデータ先端技術,
米澤労働安全コンサルタント事務所,
JFE東日本ジーエス株式会社,
株式会社ゴーレム,
リコージャパン株式会社,
有限会社 大栄工業,
FSテクニカル株式会社,
株式会社INA新建築研究所,
サンテレホン株式会社,
高島屋スペースクリエイツ株式会社,
海上自衛隊,
(地独)北海道立総合研究機構,
株式会社パシフィック・デザイン・システムズ,
株式会社NBSロジソル,
株式会社HAGS,
日本郵政不動産株式会社,
兼松サステック株式会社,
AGCポリマー建材株式会社,
東亜建設工業株式会社,
株式会社島村工業,
荏原商事,
ユニカ株式会社,
株式会社不二ビルサービス,
双葉電子工業株式会社,
中央日土地ソリューションズ株式会社,
株式会社龍美一級建築士事務所,
田島ルーフィング株式会社,
グローブライド株式会社,
きまちアーキテクト株式会社,
株式会社東急設計コンサルタント,
Nikkensekkei,
三菱電機ビルソリューションズ株式会社,
株式会社小林石材店,
三光ソフラン株式会社,
SBI証券,
三井化学株式会社,
株式会社岐阜造園,
ソフトバンク株式会社,
株式会社Growing up,
国立研究開発法人NEDO,
株式会社ふすま,
株式会社フォーデック,
株式会社建築工房時温,
アルデ アーキテクト&アソシエイツ,
アルスホーム株式会社,
小河建築設計事務所,
株式会社蔵王建設,
福島県インテリアコーディネーター協会,
株式会社プラスチックアーキテクツ,
建築事務所TESSEN,
株式会社スリースター,
株式会社カプテリ,
株式会社ワカタケ,
株式会社ワンズ・レーニア,
株式会社ココディレクション,
西畑設計,
富田商事株式会社,
株式会社ドムコス,
株式会社フィールド・デザイン・アーキテクツ一級建築士事務所,
リストデベロップメント株式会社,
JBリアルエステート株式会社,
株式会社良品計画,
株式会社マルモリカンパニー,
株式会社CABN,
四反田建築設計事務所,
株式会社フジタ 建築本部 BIM推進統括部,
株式会社クラウドトップ,
センコー産業株式会社,
株式会社ノットコーポレーション,
株式会社 秋山立花,
ノーマンズランドアソシエイツ1級建築士事務所,
オゾン設計室,
株式会社テイクアンドギヴ・ニーズ,
K2デザインオフィス,
株式会社ウィローズクラフト,
株式会社三木組,
エステック不動産投資顧問株式会社,
株式会社RYアーキテクツ,
株式会社モーラデザイン,
株式会社ユニフィット,
カモン・アンド・アソシエイツ,
有限会社芝田工務店,
株式会社nest建築設計室,
株式会社野村工務店,
OPERA,
NTTファシリティーズエンジニアリング株式会社,
